Filename,Category,Reference,SHA 1,MD5,Hash (SHA256)
9DmX3bPh._Kj,B,,3320916ed703343c70ba0166595936eb588a12b8,f27de7b44ae44588445238ef441c9d99,14844c483d486348f598f31956aa13e50f3fa85320287d91815be3a611c8f1a1
ABSINST.EXE,CD,https://www.virustotal.com/en/file/babc5fdcf3a382aa3e30e7fb27bcd6c460e9b326aa229e7f0a6dadda03c64dfc/analysis/,6246490720a5ffc179f2e9d71821e44f9aeac18d,49c8806b416bed507f9df77ad01909bc,babc5fdcf3a382aa3e30e7fb27bcd6c460e9b326aa229e7f0a6dadda03c64dfc
addnum.exe,A,,8697fca8fb4c27f64f42c393e527165e9604ae4e,41ff8be81c58eb94b5f59e5f91ba0eec,8d9695d0af6c38b8552ab3182f41f7ae96dc6cd90e107ee7ce9c132ac9394b61
Agenda.exe,CD,https://www.virustotal.com/en/file/401e449c1648117af46395c5223a836f534c7333d5922826db803ff6e45c9f77/analysis/,3ee787fdb3f8adee102e036c0edd7ffb408c08d5,b0b3bd03a394caa4ef5360ff3d4d3d43,401e449c1648117af46395c5223a836f534c7333d5922826db803ff6e45c9f77
antivm.exe,A,https://www.virustotal.com/en/file/2c2a1044acd7d47ade2e74b06fe366fdc1c363297b5292c8a362f34018ae100b/analysis/,3412967b6ff4d2ceece701b899571987b8c5d70c,d553160f4db53c3ef30bf57aac67811a,2c2a1044acd7d47ade2e74b06fe366fdc1c363297b5292c8a362f34018ae100b
ApiHookDll32.dll,A,https://www.virustotal.com/en/file/6739dd4361c559fd9099dfc967b06eb5bac95ee8693986ac29c7b368dc7cff08/analysis/,dd6ac4da70c52dc6aad69590c2335925859c838b,713c269faa5f650710997004d3be6971,6739dd4361c559fd9099dfc967b06eb5bac95ee8693986ac29c7b368dc7cff08
ApiHookDll64.dll,CD,https://www.virustotal.com/en/file/8d13453b459acd28dbc706677983b1397912124acf802dfa2b2f5c64f45c230b/analysis/,b630c8bbbd1b957e21dbbdd5b4419a676f53e303,4c5f33ef824dbe36543a2b7e533dd179,8d13453b459acd28dbc706677983b1397912124acf802dfa2b2f5c64f45c230b
ApiHookDll.dll,CD,https://www.virustotal.com/en/file/c585f02a22f2fe7dd7a1720bfc119613ea32b589ea72dbeb4d6c91d8e7bf399a/analysis/,40cc3e2939bc3f8a4aebdaa3aab49de8cc384642,7a4dbc7cd77b981f5c742b93926cd030,c585f02a22f2fe7dd7a1720bfc119613ea32b589ea72dbeb4d6c91d8e7bf399a
ApiHooking.exe,CD,https://www.virustotal.com/en/file/511e3eb95e12a2b12b3ade129ed79f0f2399f56c29247b1d535acccabec3203f/analysis/,3d36944e86fc13f4c6393a9804b84ae8cb039f37,f4add3db73a7d1f1cdc836603a95d109,511e3eb95e12a2b12b3ade129ed79f0f2399f56c29247b1d535acccabec3203f
AppToDeploy-old.exe,CD,https://www.virustotal.com/en/file/24a74d298d88b25bbaacf103a649896540a1870d89b76a17ad056252c065b393/analysis/,785331937cb79657bd34efd995274e417cee3972,69e25b6b67a9a1476408bfd09ef85898,24a74d298d88b25bbaacf103a649896540a1870d89b76a17ad056252c065b393
ArcDropper.dll,A,https://www.virustotal.com/en/file/b20b198d9e3af27ecac4a83b66234cae4eef6db0c1192b6f9ba9ca946033034b/analysis/,df7e96430c086efef38810de0ce981f7c4b5bd3a,a226d93f726bdaf119088e62b9b70989,b20b198d9e3af27ecac4a83b66234cae4eef6db0c1192b6f9ba9ca946033034b
Arg1.exe,CD,https://www.virustotal.com/en/file/b254fe2bb3967a5f5093567a1204bca802e73a3f3a289c320b18f0f73bc7c5ec/analysis/,55c8477480442b6a9478cb75c5defffc1050b934,7d7dc77c22b63183bfeaadcffc6dc789,b254fe2bb3967a5f5093567a1204bca802e73a3f3a289c320b18f0f73bc7c5ec
ARROTO.EXE,CD,https://www.virustotal.com/en/file/045d84ea644b90cf5ddcb5ec26c6683835ad7640c83488523a0ebc0d4063c92a/analysis/,e7c9235be748cba6ccd570cc39e112293bdf2b91,d43a982b76e823ae916c5f3aa1dd3254,045d84ea644b90cf5ddcb5ec26c6683835ad7640c83488523a0ebc0d4063c92a
AsmJit.dll,CD,https://www.virustotal.com/en/file/595e4dc95b391a0566bc8c9d32d352c205d0f8ae19d3842f6d914f0b696f98e2/analysis/,33da4a93916af6034463aadbda97ad18671d45e1,5a053eb4538a0553889651ea7b54f590,595e4dc95b391a0566bc8c9d32d352c205d0f8ae19d3842f6d914f0b696f98e2
AutoScoutTests.exe,A,https://www.virustotal.com/en/file/6e6f6e40a2716d11425a88b560e80fefd1a16d81ddee9663ff42ab82ea3a35bd/analysis/,84fe4e29cceafae55caf85952c0a83b92c75fba1,a7bb3bcbd0b76c71cead0c9c41d060f3,6e6f6e40a2716d11425a88b560e80fefd1a16d81ddee9663ff42ab82ea3a35bd
AutoScoutTests-size.exe,A,https://www.virustotal.com/en/file/07ed3d9bd82a3b490f33f36117af3ad02152d51e9c2470eb0089dab1305368f1/analysis/,c926351a98a617b0be47608c5d03d08a2a82ee1d,f69da77c13a651074c919ab26507c011,07ed3d9bd82a3b490f33f36117af3ad02152d51e9c2470eb0089dab1305368f1
AutoScoutTests_vmp.exe,A,https://www.virustotal.com/en/file/61fe96a5118b531e7f1659085bcd61084354961fb557588bae3619665a8dc681/analysis/,bbfbf78a4bfa692b9d152ecc679dcfe1db63ccd6,cef9886a936a35af81ed23b702305ab6,61fe96a5118b531e7f1659085bcd61084354961fb557588bae3619665a8dc681
AutoVer.exe,CD,https://www.virustotal.com/en/file/3e75d9a4feeb21434ea3294a36d64dda5165d66b82b1d567e7ba14dc13d437c6/analysis/,8d62f6aa21a80a8a7084484716e688a1b7b0d2e7,30e112dbb3b426d4ff3a99af52317c7b,3e75d9a4feeb21434ea3294a36d64dda5165d66b82b1d567e7ba14dc13d437c6
BackupPlayer.exe,CD,https://www.virustotal.com/en/file/5993a690c5131cc9269b72a5a6d8f0f6d5c4ed5a4f51418c0018a72105fe361e/analysis/,0a2be6fe113db2b1d05cb9f45cd90cf04f53f126,ee49e261fe226f36a1cec2b0ae582437,5993a690c5131cc9269b72a5a6d8f0f6d5c4ed5a4f51418c0018a72105fe361e
bcmhooks.resources.dll,CD,https://www.virustotal.com/en/file/3e0d7773c6261d5f54924febec163163e9e434fe1b6cb59daff06dff190987c4/analysis/,0724c43637816b3d39a79bbbe4afe8005c93bbd8,8e1a49e6c6f2a6f707b7181f2546eb41,3e0d7773c6261d5f54924febec163163e9e434fe1b6cb59daff06dff190987c4
BCMRes.resources.dll,CD,https://www.virustotal.com/en/file/80ea72c70d8de5e111d4be5fa7515c0b35bbdecc2a4997c2930e918bc263c4c1/analysis/,4780d4daac7f4a74ded784571e7bf3e245bff7e9,9b71c1e2b8951da4690ef05eecd67770,80ea72c70d8de5e111d4be5fa7515c0b35bbdecc2a4997c2930e918bc263c4c1
bes_10.2.0-2.exe,CD,Blackberry related/hash not found online,9d5c5fee6f4da66e9a692886a458b5aab2c1de62,85b8336ae0f1599eac6a4825aafd6f23,9415a9ae4a58ccc6a0e859aaf27e8a9b5e9aba1cb4fb2a711b9d209e388df6d8
besexpressx_5.0.4.exe,CD,Blackberry related/hash not found online,2c8e4e7de83adbe512377e5496f90277099f3837,f512a7826046ed3711f52a59abbf2a76,c2cfe41365a5ab251090b5f4583ae234f3445c626bcb85ef45ac5d63973c5964
besx_upgrader_5.0.4_mr8.exe,CD,Blackberry related/hash not found online,0c51c76c4508ed0a4e8ecd397e850701c5f4d82e,4e90a964036aa157b6ecf47b3e4a7363,29720f3bd8b01e49a2266c89281a2cba78d5e417d11859ed113acfd2ce627f27
BusinessLayer.resources.dll,CD,https://www.virustotal.com/en/file/1c83f67e338502f500d131e6f69c40a23ba4cf94e38e050de578733cd397126b/analysis/,224aa1856ead0722c5d5287b46dd32d1fb111371,357df22e4e92681e4f7fd0168caf51ae,1c83f67e338502f500d131e6f69c40a23ba4cf94e38e050de578733cd397126b
CALC97.EXE,CD,https://www.virustotal.com/en/file/c4a28888ba96e92c22d497d0690e9d484bdf093da12d419fde7c7f3674d845cd/analysis/,e967c24fc9344abc77dfcba79effebf2154dd6c2,01955ddec1a6434324c912f5e6f4fea7,c4a28888ba96e92c22d497d0690e9d484bdf093da12d419fde7c7f3674d845cd
CALC98.EXE,CD,https://www.virustotal.com/en/file/ec716cffd1650cea61d6536c2f4c52a7819990737b0ee619dbe3953d6d9debaf/analysis/,27de1373351c992bfd7cd9a21af8b0bd2da02749,fff3802c3834a700a0fff78c39bfbd4b,ec716cffd1650cea61d6536c2f4c52a7819990737b0ee619dbe3953d6d9debaf
calc_elevator.exe,A,https://www.virustotal.com/en/file/9261693b67b6e379ad0e57598602712b8508998c0cb012ca23139212ae0009a1/analysis/,8561291a00ec2c7cef2bd1d5daf48b350baeae8b,637969fbc85e184e93a96f146abd7bad,9261693b67b6e379ad0e57598602712b8508998c0cb012ca23139212ae0009a1
calc.exe,A,https://www.virustotal.com/en/file/7279dfe295bfb075bff6a856097491fbd4c932970bb654c969a995322f0d03db/analysis/,b36ceec3b2bf64802b56c610d3f0be29adc7d4b5,0a011ad2222a93014e7420db94f6aa2d,7279dfe295bfb075bff6a856097491fbd4c932970bb654c969a995322f0d03db
CALC.EXE,CD,https://www.virustotal.com/en/file/4c7d7c0f4340d7296c9c4f5a80b80793b85c33aabce31badc9dccfa37ef38949/analysis/,408d0868274fdf7327c4814170dfa001483ec103,f22b45729fc40cd6de3e7eef599ada6b,4c7d7c0f4340d7296c9c4f5a80b80793b85c33aabce31badc9dccfa37ef38949
CALCOLA.EXE,CD,https://www.virustotal.com/en/file/51816c81180eadfcdba84be0285d256ad650dd6eec131f94e1c1957623d7e9bc/analysis/,1372e653874a767f800e77f682604d65396f314c,42cd6d2dcff23995d4008625fb702b20,51816c81180eadfcdba84be0285d256ad650dd6eec131f94e1c1957623d7e9bc
CALCOLO.EXE,CD,https://www.virustotal.com/en/file/eb4a395d7a0bb8b755b79f76ffe4bbed04dd630e07132a4ff12d684e178c7a03/analysis/,a89c422df9659483d0b7b4d1d2b755960cae2d25,6b6838c075c818dee0f52c4b2a692eed,eb4a395d7a0bb8b755b79f76ffe4bbed04dd630e07132a4ff12d684e178c7a03
Carte.exe,CD,https://www.virustotal.com/en/file/6ee1da63a3d5a55c66df408c2c0b57fc5bae064778cdf1845bc00e44021c290a/analysis/,138e1f98351a111a489ca5e8d7761ef125cfdac9,e679c556ee24d30acdff97a24e5b5a10,6ee1da63a3d5a55c66df408c2c0b57fc5bae064778cdf1845bc00e44021c290a
Cellebrite.exe,CD,Mobile forensics software/hash not found online,db96fff7861c780789a1a3f5c8fbf1bbf80fd615,a6c75fc49b6674d2ca2033430177d3b4,4d8951f93381442e7961f4aa69550f610160567ee44386f0637269af596b07b4
CHIUSURA.EXE,CD,https://www.virustotal.com/en/file/65a37da4fd57747c8e73df8f88a7de27b1f3bfc6f0467e45f9241194c4f70954/analysis/,025ca66d2224ca5bdc913503d29878c4846573ae,2b42ddd3f6e5db4b2112e68750347dc2,65a37da4fd57747c8e73df8f88a7de27b1f3bfc6f0467e45f9241194c4f70954
CICCIO.EXE,CD,https://www.virustotal.com/en/file/48097208ba892a8bb63e87b8d0dde52ac4d28591b9cf5aea1b93e1df0c24d500/analysis/,ad82e8a839f84f856ef0d32425871987ac8ecb50,525d30a04edc838cb927f92771a8dbdb,48097208ba892a8bb63e87b8d0dde52ac4d28591b9cf5aea1b93e1df0c24d500
Client.exe,CD,https://www.virustotal.com/en/file/f6773236f089605d7604b90f5b6e3e223871f0bbfdad405fd89fde56cfc2ff27/analysis/,7188e984b7fa4b4d585c044963f93e46738aad3a,d2fc4263588dd09831222c60ebcb12ea,f6773236f089605d7604b90f5b6e3e223871f0bbfdad405fd89fde56cfc2ff27
clr.exe,A,https://www.virustotal.com/en/file/3ea8909c7e92d10a39ba08b002b489e718d77f12754e1bac8e69d62891ac8417/analysis/,7818cbabec362de92407234c123f5a6dd910122c,f4f3692c0bb00a94130d3b205e1e9baa,3ea8909c7e92d10a39ba08b002b489e718d77f12754e1bac8e69d62891ac8417
codec.dll,A,https://www.virustotal.com/en/file/fb3b9464e866b35b3d7a3b506f967b32e1c2015e0703780c89993ce6d50a0ea6/analysis/,1351e784ebdffacf0fd143c07581136e94ca2319,48d638a3194f8740d9f05faf62670ff9,fb3b9464e866b35b3d7a3b506f967b32e1c2015e0703780c89993ce6d50a0ea6
codesign_allocate.exe,CD,https://www.virustotal.com/en/file/6f788920ac2df748947f767a1e9b5ee3a5c9f4d073fd07792c9ebfc4eaf45ca9/analysis/,45179e1b07cb96a8c31443ffa1a7b3f0a6c4de01,9e12941d5c990122fdee6b24fc3a859a,6f788920ac2df748947f767a1e9b5ee3a5c9f4d073fd07792c9ebfc4eaf45ca9
concrt140.dll,CD,https://www.virustotal.com/en/file/00a2d004496dacd67d50e81e6d64ae801f6b2acf68f2404a8241d7e4fdea3109/analysis/,7c99ead09840b0eb55011c948777b57af943bd53,c1c1a788693f849f94caab764af7a7bb,00a2d004496dacd67d50e81e6d64ae801f6b2acf68f2404a8241d7e4fdea3109
CONFDAT.EXE,CD,https://www.virustotal.com/en/file/f40712947be07627efbf9d4aa03f158c22afc37e3236beb935a495d3084db50b/analysis/,5fe29720e565e0b15c63c1cd5d94abb781c8c635,eb4ee35bbeafd2a715dba5826c2468c8,f40712947be07627efbf9d4aa03f158c22afc37e3236beb935a495d3084db50b
ConnCheck.exe,CD,https://www.virustotal.com/en/file/25e4376ebb9d3aa7f35aacf9298416e125d02bc6c180a78e749d46c1669ae886/analysis/,0e3c510285ab43a397da8fb611c75ede08cbb353,4129265bceaca9a9c804a586c5446c15,25e4376ebb9d3aa7f35aacf9298416e125d02bc6c180a78e749d46c1669ae886
Console.exe,CD,https://www.virustotal.com/en/file/5d761821b44d6fc1de9020b17aed6b9dd58f9a00f83860ce9511783c98de5d46/analysis/,f9bb44c6cfeb17ecd12e238630cc83ddfc23b72a,497960ccefaed2b4c8e5ec3274c9dc3c,5d761821b44d6fc1de9020b17aed6b9dd58f9a00f83860ce9511783c98de5d46
CONTA.EXE,CD,https://www.virustotal.com/en/file/e56a2ebeaa01def702f6653bad90651854d1af461899cabac6db12d81566ba1d/analysis/,429b82ff48aeb78d2dc1f7e4d9e6e63f79cc2689,0f6361b0931307b26022e6ebb4fb87da,e56a2ebeaa01def702f6653bad90651854d1af461899cabac6db12d81566ba1d
cooker.exe,A,https://www.virustotal.com/en/file/9a1dc317baac5b31e8f9498c979e623db6e57f34aaea6dac923853cec1a30397/analysis/,ed91c8a09126bd27edeb0a6f9e5ef64a9b5bd29c,a0764ea07a40604b295e8600a3b73231,9a1dc317baac5b31e8f9498c979e623db6e57f34aaea6dac923853cec1a30397
Core32Dumper.exe,A,https://www.virustotal.com/en/file/92af7c751d9353ceb1b449bb6ea1a29c7a68a5bd2344759ad1c974ac5c63dee6/analysis/,158be9f90b5f37590808e0c97323b6476d4c9f9b,38bd6cd2b91810c30ceb661e54032f5c,92af7c751d9353ceb1b449bb6ea1a29c7a68a5bd2344759ad1c974ac5c63dee6
core.dll,A,https://www.virustotal.com/en/file/957fcc2d137e9164635831dd0ab8bca8079ec8b1a4c2eb6e8ac254c5732b025b/analysis/,a3a7545333638ec13ad33af6c4ec32a2d4f56c5d,9bce542aa3fdd21c63e18d453ae8039d,957fcc2d137e9164635831dd0ab8bca8079ec8b1a4c2eb6e8ac254c5732b025b
core-scout-win32.exe,A,https://www.virustotal.com/en/file/da07eca4cd4cccc81d9418fcc796d28bc95756c8d6d4ad9503effd12b6c0aef7/analysis/,11c87f734bce1fec82087fd16e568472e960fe17,84964d5410d6c7754e36e7592334df5e,da07eca4cd4cccc81d9418fcc796d28bc95756c8d6d4ad9503effd12b6c0aef7
CPP-ProductKeyFinder.exe,A,https://www.virustotal.com/en/file/a4afe60c024a34ae16dfbde1224550224ab3195f3d5dfe35c50ebd6a12fd4170/analysis/,be8a1093a62d3c2741227510ec09029a18b23a27,f62c6e428738f074cf90f21e289dd34f,a4afe60c024a34ae16dfbde1224550224ab3195f3d5dfe35c50ebd6a12fd4170
CREARCH.EXE,A,https://www.virustotal.com/en/file/e2f8c5f8c3ab687b91dd28081fec71e0bb9f70066237768e7020fd992c80f2d5/analysis/,fb106fdbb8ab0ee1272271aa880c254f8da59e42,27fdc0db940764a1218b7a3698571bf2,e2f8c5f8c3ab687b91dd28081fec71e0bb9f70066237768e7020fd992c80f2d5
cuckoomon.dll,A,,956397670afa8921a29110f9926ba118b0a9b5fe,c2979839d2dfee2d26b32510d4c35bc2,ea2244395a2f750564fc26d64b4cd50c2afd779b4404497564e0fe13a255b707
cygcrypto-1.0.0.dll,C,,1a4ad7a57276dfd24d31fe5cebd7385e8269f5f7,7bde415017793b4fc3b16caa0f640967,129c045ef072adab8457f6c90a57ce947f2792a09c02b451d416f988994869bf
cyggcc_s-1.dll,C,,6d351044dbdad9b5a922e174abc6454ff3de3ed3,6acf6107069bae8a0b808fc1061737e9,3a7373204ccd08adbd8349c8356cae9691f8817267c66de0b9959b979a77bdc0
cyggcc_s-1.dll,CD,https://www.virustotal.com/en/file/bdb971f13959add3ff1f61c2e1ac4368f7a706bec401b8bf81904b27fe6e59fe/analysis/,1ced2955164b7492fd6ba609c504cfd5107aa98d,b517ea5d532c329d82bd0bb8a8239c21,bdb971f13959add3ff1f61c2e1ac4368f7a706bec401b8bf81904b27fe6e59fe
cygiconv-2.dll,C,,0170d2b3ce35883358692c364b7b89e712356aa2,07386293b3ab69dc09ff7382b75c6f4f,3476d4368a0e82f27eed752c2ce45dab9ceaf33c7655dd640239d4b54c0137d7
cygimobiledevice-3.dll,C,,74939abd0764c8c36ca4856940fc42508f320f1d,798d889d9d01179187187b93dff893fe,77d97dd461b4357a9d9c1e96af007e7a3f090925e55aebe11bbbd97856611a12
cyglzma-5.dll,C,,0fc9171b5404816c5753080b78f2af31ba023611,88f9a2235d3162aa2ce322320025e207,6b48e56098976fc5b5eaaf5f43f5c9a39295095e352cbd784b00b55eafa5d355
cygplist-1.dll,C,,5f2c564a015bbcbb062d76cf4ca019112d3b1a50,ec9e2fcff1499551a0081ea2a8970684,eefc30488c1c086f1e1edbf8b492875c2b19a56cebb623d163d1545c9c504f9c
cygssl-1.0.0.dll,B,,22e1893d9da4fe32aa5abe60f14dad6e52c45095,3c8fa6759db3772f109b6e9860fcdc93,9581e36c5a55faae049a89fcfa584cde4fa7294b156e31de3e1a33035f4df3a4
cygusb-1.0.dll,C,,0607db646e4e2f5cd3caa1f833515af1783a6c8f,3febb273f42e81c95c6611981b696822,1e4f59d5541dbcaa4cfeda6943294dc40f425ae3f24764cd3c7d643ff2a7bfb0
cygusbmuxd-2.dll,C,,d85570ec70c1c3453eb1d4f5aa330cc050ea92f9,ed3158a7e3072f6da8dcbee7e535c518,22c586057af0f0d615a1753b68936763d36e682bc094ea4c805845f612ba591b
cygxml2-2.dll,B,,5cb07296bda8758a6ad52abf8cbea611ffbfd390,ba6fd88683895e4e4a4aa32014ee93f6,3e1ed9e5fc7ecaa8a01b6fd160cab39d251390a21fb7f6bb98e070efe1506617
cygz.dll,C,,533df8b545fb8e68dd8e14def5d6948d1a2c26cb,2b6782453501a0f89aa9c697f25aaee8,ced4344df5150b592709e8758e822c06644cfe8cad26c28d50667fff35f3fd08
_d9jaoFG.fXR,B,,685c4287e74a9704d422ee577b7acb0748119f56,8aaaadb7d6a179226e462a9c8004e80e,1a855cef1bb454e7313dba60885e16fa8cb3dced1e38b8ad59ad5429c4e12493
DemoPrj.exe,CD,https://www.virustotal.com/en/file/57797d9c4740cca49aabe0187bb38607e2c157eb800c6794bb64e2751f5fd967/analysis/,26768956ea4ee5a12d744d78710903efe0fc2959,6551a3789e12c4013ebc282bfa2a353a,57797d9c4740cca49aabe0187bb38607e2c157eb800c6794bb64e2751f5fd967
DISEGNO.EXE,CD,https://www.virustotal.com/en/file/a9d52b28ca8e049386417ffed62dd8da5b21d99aeb13dea25e6cc081e7c12393/analysis/,a38d49651d80b052e3066c1b01292e4bc6f0abd9,e5d5b83f1b1261f14e503636bda97414,a9d52b28ca8e049386417ffed62dd8da5b21d99aeb13dea25e6cc081e7c12393
dll64.win32,A,https://www.virustotal.com/en/file/bfb2ac272617e4af5ddf176bb4bffcc090e47b1208f4285a7108d6a59ec51837/analysis/,4437315b462fce721d16edbe77362b0e634aa559,33f2a0070170ab861e92435114db52d8,bfb2ac272617e4af5ddf176bb4bffcc090e47b1208f4285a7108d6a59ec51837
DropboxInstaller.exe,CD,https://www.virustotal.com/en/file/c8d923daf0484747933acacec66edd2a7c1e1636e6551e45d0e4883195ae2458/analysis/,d85bfdd5a261a7e85b6e1fce018e62b866bf7d53,96f185bd275e1c831da65d7c999e3db0,c8d923daf0484747933acacec66edd2a7c1e1636e6551e45d0e4883195ae2458
dropper.dll,A,,6081a7794e1fb5349ac25fbba1bb80e4df857c35,2a6ad4fb3a29795ec7b2f02304464b36,01b3cd088328aa2d87f6b3c435fef56b8a6033f78767a680d416f88c3e3ddae7
dropper.exe,A,https://www.virustotal.com/en/file/d31c5d91556d0dc52ddc77d70678441f6f7a647eaaf8e1438fdc5cf3160fb935/analysis/,3cbedf6f7e7c842f1aa3cc6440449fd2defa7df7,360303fbb9f31d82afae87a4e71c8e93,d31c5d91556d0dc52ddc77d70678441f6f7a647eaaf8e1438fdc5cf3160fb935
dropper.exe,B,,f67d3e3c5892f9f8ecfa4e75fd46942937f43cc9,375e36fa33888f4d48a8d40809165277,c3baa6e1a9ca0c79c35a53cfb5cc4bb76e45ed623841bd359d7241a8d82c5a54
dropper.exe_good,B,,664c8dfb65f86a691df9641d9d1ab67c5b39cda4,af06c4e1e064a6490d488506960e8bf8,5048af2f388cfa1bd9ee077953f5ef1499a81ee57a8876a051ea96bd08ceb69c
dsa.exe,CD,https://www.virustotal.com/en/file/d38a068de0cdd67f0825c31e62977231bb1f287a8c39c148beaecf9c93f31605/analysis/,16af6adc3087258d33136a140d024e4e507c2389,2d0cdf0e4ae6976dde895d66aadf7c1e,d38a068de0cdd67f0825c31e62977231bb1f287a8c39c148beaecf9c93f31605
dualshield-hotfix-DUAL-341.exe,CD,https://www.virustotal.com/en/file/dcb06dce6163b736ae1623365c1023bebb9915d09da1097931952472ab1d02fa/analysis/,1c7c5e90bf3434d3d3757b96b516c61404f422d3,e599f11de0752ea0cd026594700c7b10,dcb06dce6163b736ae1623365c1023bebb9915d09da1097931952472ab1d02fa
dualshield-hotfix-DUAL-347.exe,CD,https://www.virustotal.com/en/file/fdc4a5593fe32d96fa2afbc110d90d6ce202b6adbd71fbd424642cd409b212c4/analysis/,b58800c440d0da498f0fc6d2f53326035f5c3d16,15f8310eca75b9b00f1b691128d92de0,fdc4a5593fe32d96fa2afbc110d90d6ce202b6adbd71fbd424642cd409b212c4
DynMenu.dll,CD,https://www.virustotal.com/en/file/ddf1371ec3cafedd2caacfa351e9be77e9dbf263f143d6f81a6202e4303ac8d8/analysis/,c281e6eeab03aa06784f21206c86f2b30fec1dc7,145b5fe784160a39877eddc6e7629155,ddf1371ec3cafedd2caacfa351e9be77e9dbf263f143d6f81a6202e4303ac8d8
e2k_owa_pdf.exe,CD,https://www.virustotal.com/en/file/3833e00748827cc78010c7f8fbab07d3badd2513ff087d89ea8b323b5c97cfeb/analysis/,2ba4f9dc2dbc2257e36276c539d415f468db5cf3,42341fbd8807373a3122ad5f69147f16,3833e00748827cc78010c7f8fbab07d3badd2513ff087d89ea8b323b5c97cfeb
E2KSP1_adc.exe,CD,https://www.virustotal.com/en/file/7b1d4378bae812656e4765e79bc388239381404d8a6080a16ff6776312442989/analysis/,84e70af98faee8d064d4734f79a5a0099b7a8878,6cccb83e8aeb7cb9fd87fef40b336820,7b1d4378bae812656e4765e79bc388239381404d8a6080a16ff6776312442989
EDIT.EXE,CD,https://www.virustotal.com/en/file/442ee6ef5fc592627a3214336467559a86a57b9ecc899904e2f63320578a9fc8/analysis/,6cbc7f512855bc83414023fcc7b27d928885b56e,d71b87917a6f4fe8e78928647fae8863,442ee6ef5fc592627a3214336467559a86a57b9ecc899904e2f63320578a9fc8
elevator.dll,A,https://www.virustotal.com/en/file/fc609adef44b5c64de029b2b2cff22a6f36b6bdf9463c1bd320a522ed39de5d9/analysis/,b7ec5d36ca702cc9690ac7279fd4fea28d8bd060,56eac983a8caa8c0037c6ba25e9a2d9f,fc609adef44b5c64de029b2b2cff22a6f36b6bdf9463c1bd320a522ed39de5d9
elevator.exe,A,https://www.virustotal.com/en/file/40a10420b9d49f87527bc0396b19ec29e55e9109e80b52456891243791671c1c/analysis/,48220b4aeb4a96e983d6b1478144592e26fc982b,47aeacba39f33b6ce2fd1f654f760a6c,40a10420b9d49f87527bc0396b19ec29e55e9109e80b52456891243791671c1c
EMUDAT.EXE,CD,https://www.virustotal.com/en/file/6cf4dd214241effa8ccee50d66dfc4df2c67762c0decd0da1fac9787d8231104/analysis/,86734f4dbf18b079de0b3f22251969a9f8e95004,1707be88eb06ce450eaf19fa6a43e236,6cf4dd214241effa8ccee50d66dfc4df2c67762c0decd0da1fac9787d8231104
EMUDCOLO.EXE,CD,https://www.virustotal.com/en/file/5da4b794cda68bc7f0141d8b84a6b17ca22011fc27a7730ff9b5a4e3b33320ef/analysis/,a94eaf297d1b70ab525b49b5aa3425ea1e96bc05,658f5bae19ed9c8cea38f0d0b975bc22,5da4b794cda68bc7f0141d8b84a6b17ca22011fc27a7730ff9b5a4e3b33320ef
EMUDKONF.EXE,CD,https://www.virustotal.com/en/file/ebab6eda6d74afc99021ded4d146bc4cc23f9a2a026d0fbfa217578e9acd22a8/analysis/,f6df7e7b570337d6b2ea8774a0c98a6731beff04,e8ae74c8dd8a29352cf6ac3c68df6ae6,ebab6eda6d74afc99021ded4d146bc4cc23f9a2a026d0fbfa217578e9acd22a8
EMUDOPEN.EXE,CD,https://www.virustotal.com/en/file/7dcf83c5af0991d927c8caa9bc1424e541c966de37aab8845e4e11dddfeabbeb/analysis/,10b65bab3b5215955b076ea1a54d89afb8bc6431,0a83534af3f8d44217b5e8847e36fef8,7dcf83c5af0991d927c8caa9bc1424e541c966de37aab8845e4e11dddfeabbeb
EXCEL.EXE,A,https://www.virustotal.com/en/file/dac6abd5ba0865b7983cff40f7a13d9cde89fed3c5b81c2b785e884f9ccdf28c/analysis/,d86c6c85f3fe7981f7824f21bcaf45f876943e55,2b7677ebb41abfd97225b2dcf8bbea35,dac6abd5ba0865b7983cff40f7a13d9cde89fed3c5b81c2b785e884f9ccdf28c
ExeLoader32.exe,A,https://www.virustotal.com/en/file/7561ace6f04ca6d023d7eba0c8cd49b2515baa71a40926f625538e41e21f641f/analysis/,f7653b3b9d71303d8ac9425985400b321934ddcc,be6655c17f0a797f2c01b2ab42b55107,7561ace6f04ca6d023d7eba0c8cd49b2515baa71a40926f625538e41e21f641f
ExeLoader64.exe,CD,https://www.virustotal.com/en/file/1c3c6ade5e2e1a8f1476ceae58c143aae0d71a535fb3bc81981072ebd634f3ab/analysis/,cbd5c6e49de23e91b155335bcb7fc494c3155d4a,0c635c5cfb5116c2cefc35ff23d41931,1c3c6ade5e2e1a8f1476ceae58c143aae0d71a535fb3bc81981072ebd634f3ab
ExeLoader.exe,A,https://www.virustotal.com/en/file/32599e86cb3bc9e1f91ff630fa41cd140354a21ac47bdb48082fbb8fba900f53/analysis/,bff3f180564f072f45d72bd6a840e9cde68e863e,83aff63d5b3855cff982422bebc779d4,32599e86cb3bc9e1f91ff630fa41cd140354a21ac47bdb48082fbb8fba900f53
fakedoc_$[35].exe,A,https://www.virustotal.com/en/file/b7df931aa020195726002b235740bc844fc4b105920d4a139ca6b5a069e43575/analysis/,548e8ab0169f36b548a5aa5678ef1b033acbcda4,4170d7f066178181b7f86b5a1125a761,b7df931aa020195726002b235740bc844fc4b105920d4a139ca6b5a069e43575
fakedoc_bzip2.exe,A,https://www.virustotal.com/en/file/8cf6258d002326a03cf4cd70d97837b02a1ba5f3451e88fa354947180fb93eaa/analysis/,88c9e88086c8aa987eeebe70c5876b7660cd12d0,a64c6ebab211184ab23ae72aebdab976,8cf6258d002326a03cf4cd70d97837b02a1ba5f3451e88fa354947180fb93eaa
fakedoc_dat.exe,A,https://www.virustotal.com/en/file/72ec760b698dc19693eaa846b2cc21ebceec4ee122feb30cb0802a9920af9898/analysis/,ac8945be4493b660b4ab4283e644b9b0ab3f74a7,f91a6d14a7e0257d2da9b1b6fbc6010c,72ec760b698dc19693eaa846b2cc21ebceec4ee122feb30cb0802a9920af9898
fakedoc_dell.exe,A,https://www.virustotal.com/en/file/b6d736a68360253a94cc89bafbfa3141c382079d3e74346b12251da26149d1c3/analysis/,21b5f25b33e6db635ecc245291b092748d075719,652a5cd27ff8966d26db94bb394ce4d1,b6d736a68360253a94cc89bafbfa3141c382079d3e74346b12251da26149d1c3
fakedoc_doc.exe,A,https://www.virustotal.com/en/file/b924993e72cc8fd0b505e95cea5e8b09d17d2a15c9d9ebc2b0c32843edcd40ee/analysis/,0e6ebd6d90cc59eb572762afaca548dcc63397d8,0be0c072cf2a885d77886705e24e08d8,b924993e72cc8fd0b505e95cea5e8b09d17d2a15c9d9ebc2b0c32843edcd40ee
fakedoc_final.exe,A,https://www.virustotal.com/en/file/4d9ced2ee7d979055d33564cfa5a67773e34f3e51d615f162003311c76f51bdb/analysis/,0097a9fba6b0bcb09e9473816e51c2c8e48284ff,2a2578d7f22d3b2ee52c5d46bb5fdf05,4d9ced2ee7d979055d33564cfa5a67773e34f3e51d615f162003311c76f51bdb
fakedoc_full.exe,A,https://www.virustotal.com/en/file/639152dcce89b669fa00213d853425bee35f8b79970a663492d24ce29421fb75/analysis/,753bb0e7250d930957dabfdc0809352eed153b31,d341cd4cde7d8b10b3362b3d1b640d14,639152dcce89b669fa00213d853425bee35f8b79970a663492d24ce29421fb75
fakedoc_jpg.exe,A,https://www.virustotal.com/en/file/bf2f9d19521cae12bf25a4108418f6c234af6cad2d7a6482323a12a2da13ebd6/analysis/,52fa70529cee1101067e7f6cc2532ee64506ba11,ed6d8b6078e103b2d12a7fd339838a9c,bf2f9d19521cae12bf25a4108418f6c234af6cad2d7a6482323a12a2da13ebd6
fakedoc_logon.exe,A,https://www.virustotal.com/en/file/0dd0325e09c0ba103aedc9e899192204ab29f4a0d35a7e53e5c800d9284a37e8/analysis/,6f733dea7027321529d43421cb2cc5444b4e0785,57acb822c5a03afabf9082ef3fd3306d,0dd0325e09c0ba103aedc9e899192204ab29f4a0d35a7e53e5c800d9284a37e8
fakedoc_lzma.exe,A,https://www.virustotal.com/en/file/8bba59ce301d510bc3b24c941841ee4a8b0858d37e31c9d59193b78e7da81d9a/analysis/,8cddf9c84e4a7eee3da4939ee0147d1e39ee3e1f,56f3437184e1ee96b1161135f3c5a1ab,8bba59ce301d510bc3b24c941841ee4a8b0858d37e31c9d59193b78e7da81d9a
fakedoc_noagent.exe,A,https://www.virustotal.com/en/file/91b0995ee522a6a01fe112dd6cdc21f2cd57b26ac84d8e3065f124ccb93c5eb4/analysis/,9432d96afa2618213a7e2ccd6c9735291c694b9a,bdfc8d71ed9d065f7fba87f84adeea3f,91b0995ee522a6a01fe112dd6cdc21f2cd57b26ac84d8e3065f124ccb93c5eb4
fakedoc_nostage2.exe,A,https://www.virustotal.com/en/file/ce5d792faaca61d7bb63367f8772f492ee963f054bc03e61b4fae774c3a3c343/analysis/,537506539114118726725947814c6368cc507ed4,f063ea5b63c9eb0e8aff3420caf4b64d,ce5d792faaca61d7bb63367f8772f492ee963f054bc03e61b4fae774c3a3c343
fakedoc_notepad.exe,A,https://www.virustotal.com/en/file/a23b5fc7d309b982f9dafc712b6a95c1cfce6102f86a7dc3f3013819638081a9/analysis/,c5959b7d97f2855950bc35c9e0477b1940a43fc2,bcd74698b43531a3df7fb2f76f4b0a56,a23b5fc7d309b982f9dafc712b6a95c1cfce6102f86a7dc3f3013819638081a9
fakedoc_rename.exe,A,https://www.virustotal.com/en/file/ab4de0951de38c475d846da1da8336b97e886b6dbd694332f3624ee5595186fe/analysis/,c893cd86c0e0d6ed267a5f38c8e51b79436dac62,d9faaf817ef1c3ee664659049dde5f39,ab4de0951de38c475d846da1da8336b97e886b6dbd694332f3624ee5595186fe
fakedoc_signtool.exe,A,https://www.virustotal.com/en/file/d5b3cc429c8a6fba074d9b1e2963273ac13cead47f63dbbb97e640b74e407134/analysis/,4eb87cff1cf2f1411248cd06b497cac564ed63fd,ae0d2278aa783b8dc1675f41cff9d07d,d5b3cc429c8a6fba074d9b1e2963273ac13cead47f63dbbb97e640b74e407134
fakedoc_winlogon.exe,A,https://www.virustotal.com/en/file/2ef643a29808aa6dedeb69165d8682d5a58a95aa68bce856783a2b8dc2d71087/analysis/,0837b3eed579123555ae09244b3f23aded72b9b4,5c1215ec7da96f58a1e3e66b60c1d4ed,2ef643a29808aa6dedeb69165d8682d5a58a95aa68bce856783a2b8dc2d71087
fakedoc_zlib.exe,A,https://www.virustotal.com/en/file/60f4e50985afa8c0b2437c78467fc11784416791cd8cacdb37542a3e14d79871/analysis/,6204297b04970e0f7c843a28636b2e5e28213e93,148b8f6c9e47e59f171e2cc938382ecc,60f4e50985afa8c0b2437c78467fc11784416791cd8cacdb37542a3e14d79871
fakeport.exe,CD,https://www.virustotal.com/en/file/bb3efa4fabc01da14ab5da04cde23902a866f0a308d58a0664e68555e71ecf69/analysis/,65739974e1b2f833c81619ea3df5dfb79c172070,095b95749149f237fe92e9c6c8f0f4a9,bb3efa4fabc01da14ab5da04cde23902a866f0a308d58a0664e68555e71ecf69
firststage-2010031201.signed.exe,A,https://www.virustotal.com/en/file/1a178c22b5e9a7e99c0c733ff9d8452b22a3418b3c137687c8407c309e79a714/analysis/,ee0d1a3ca639971d130eff10c22350c77a4a062c,cca243be233cfa4c3f44c2035b5db135,1a178c22b5e9a7e99c0c733ff9d8452b22a3418b3c137687c8407c309e79a714
foo_flash.exe,A,https://www.virustotal.com/en/file/d5d23fbad723009a6a6364ef28153ffc95190e269cf3749c3cf28128d4c89be1/analysis/,8cec37385290b004e0b6514a44cb0bf7b7e64aac,bc7e2c790deaecf69a69c042932e428b,d5d23fbad723009a6a6364ef28153ffc95190e269cf3749c3cf28128d4c89be1
FTS4BT-5.6.9.0.exe,CD,https://www.virustotal.com/en/file/60947bddb5e549732ae3d2b4749f5dbf8d054bb955c768afc49224d297c0ea72/analysis/,5fc4e70f6070ee05bd53fc787820ffac5d509b9f,b314db793a2ad64d5ec41b41f310f178,60947bddb5e549732ae3d2b4749f5dbf8d054bb955c768afc49224d297c0ea72
FTS4BT-6.10.6.0.exe,CD,Bluetooth Software/hashes not found online,f4423de02ed8ee3d3d02dae0d08f559bd1d70792,d551c32f8a187013e724c1953fdd1d59,ac149d3edd34428b5a9958b0f33cde23d6bfb5c8609062bcb03e9488fed10b47
Fusione.exe,CD,https://www.virustotal.com/en/file/a3c5c15d9bbdd342ed22dc84bbfb66261648acf6bd3f8b56dea0c36a0e55a0f2/analysis/,8fffe10fbd56801e0e15f4796e2354a6c22c8c38,4cc8407e67e6cb18e79652e4999f9544,a3c5c15d9bbdd342ed22dc84bbfb66261648acf6bd3f8b56dea0c36a0e55a0f2
GetDiskDrives.exe,CD,https://www.virustotal.com/en/file/2e456b7065573ad5e62db360f5a451f1e460df08479a8fffc89e5857d70516b9/analysis/,f01e3ac3050101633cef8fb53cbf87a91131331c,416f42c3d0c4ddf6c11e457c40119227,2e456b7065573ad5e62db360f5a451f1e460df08479a8fffc89e5857d70516b9
GETIMBRA.EXE,CD,https://www.virustotal.com/en/file/2cf44c90107891c22543fb0b71612fcf3e531352425b5bd9d6763a019e3b06a0/analysis/,c3dc5b959b4204c950beb278271be50efcca74a5,878fa0d8f5b48b2d91220c35d9d09695,2cf44c90107891c22543fb0b71612fcf3e531352425b5bd9d6763a019e3b06a0
GucciSpy.exe,CD,https://www.virustotal.com/en/file/ddc857de7180ae0d54d793509bfda9671bca5123f74791b1d8291d68d05e44eb/analysis/,293c4de4c53db68b82195d73ec093da149cd8b08,e3458decc7cc44759cb5f06453dcbefc,ddc857de7180ae0d54d793509bfda9671bca5123f74791b1d8291d68d05e44eb
H4DLL.dll,A,https://www.virustotal.com/en/file/d9c55606c757e78940c3a22fc25ae12ed93a68c9f88983e58cd4795047504246/analysis/,e113e2904aaae7aa5c2438fea757846cad8a7e9b,aaf26a0477841b45969fdce35bd2e1e1,d9c55606c757e78940c3a22fc25ae12ed93a68c9f88983e58cd4795047504246
H4DLL_NonStruct_Kaspersky.dll,A,https://www.virustotal.com/en/file/a61c9ae6ac4149619f058a09b83e7ba16bf6bf2492201fa299c25495ef01ba30/analysis/,83852d86836e9d2193067919815418972e5cc03a,32d9d4da5e7b99e2d70200d14003e830,a61c9ae6ac4149619f058a09b83e7ba16bf6bf2492201fa299c25495ef01ba30
H4DLL-VISTA.dll,A,https://www.virustotal.com/en/file/5f6bc6573d006609d1f0b5c3d051dc6eb5b30dbc60c4e2e7c7b6826434c6a59b/analysis/,d89f0d3e65532a41615d0ee21f2b2379eb0b27d5,738cf6db1f93006967ed1aeef87c6ba6,5f6bc6573d006609d1f0b5c3d051dc6eb5b30dbc60c4e2e7c7b6826434c6a59b
hp_LJ3050-3052-3055-3390-3392_Full_Solution_AMWE.exe,CD,HP related / hashes not found online,c724345c3139c62b46e13c4c96730a2e370dd991,83fde241ef91a6d4134bdf27f6e89405,436e43664724b946197849cc803f364e10b5924567d96eb6e7cb7ce56a323825
ida.4.9.rkpo.exe,A,https://www.virustotal.com/en/file/cfa438d2d1426c983134203329e30ac92a4c5f6170e1687dc287ecf67ef53404/analysis/,23442e4cee456a1571f65c75e0e53c388e194d7f,92a05da3047dd74826e09acc2692fe57,cfa438d2d1426c983134203329e30ac92a4c5f6170e1687dc287ecf67ef53404
idag64.exe,CD,https://www.virustotal.com/en/file/7d805fc7c5f667a3825d0bee1f19d9e048a18b91c64af71e14b78ffddb5bb31e/analysis/,25acb56944c7513f843a26e7649c3a564d934e3a,48dd7a0dbed1258be15e6b857f75d763,7d805fc7c5f667a3825d0bee1f19d9e048a18b91c64af71e14b78ffddb5bb31e
idau.exe,CD,https://www.virustotal.com/en/file/90690ebe2fece6a3432d3e169d26190162bfc3329ba5e4f0d157bf4ca853ea03/analysis/,5a440cc223e49f99bf921e211d32b4a4f3d18304,e0a0e370e0c26624162f046429f3b0e5,90690ebe2fece6a3432d3e169d26190162bfc3329ba5e4f0d157bf4ca853ea03
idaw64.exe,CD,https://www.virustotal.com/en/file/6138fdaec7015624419c1e18157e938e8efebc54232e34b78f6cc41b4ecfea50/analysis/,d44ecc0b45a7d2eddd23d23b054135a7b413bd7b,88175f15c1b93ccdc50a899c5db033c4,6138fdaec7015624419c1e18157e938e8efebc54232e34b78f6cc41b4ecfea50
ie4setup.exe,CD,https://www.virustotal.com/en/file/25ac093f3ceaaef2061ba86e8887ab494b4113b6fcc611bc69fddaca912715ac/analysis/,ac9f559efde64457e2681a0baa88c1441f87a01d,492de4d3eb48182e1bc0c39508b11355,25ac093f3ceaaef2061ba86e8887ab494b4113b6fcc611bc69fddaca912715ac
insert_cert.exe,A,https://www.virustotal.com/en/file/b785b107632a3b8e9070a5a9a610202b46d916709f6b969b30c5d3375a2f38e7/analysis/,2f4e851d21c45e9b0a77a9cd9a0d5500a7740395,68cd61eefa0e6a7a6b36fb359bdd93ae,b785b107632a3b8e9070a5a9a610202b46d916709f6b969b30c5d3375a2f38e7
install_flash_player.exe,A,https://www.virustotal.com/en/file/5e5157e77089c4cfcfb2dfc82a574e465a943323e330dfe15316553d41f3d7eb/analysis/,9f6a16d59f1159110caf32df1ad2bb6183d8bc49,1ee3aa67213868df9b08d00f3bfca6b1,5e5157e77089c4cfcfb2dfc82a574e465a943323e330dfe15316553d41f3d7eb
inst_helper.exe,B,,5acb3aa1f44924b0b1d3e9cac3098ad709aa397b,14b03ada92dd81d6ce57f43889810087,3190e725cc9eb7c116242da2d3f5dba46853b20f46e681df262e201cc22117e7
iosusb.dll,B,,5db463fdb694978f876a9f94c9578e8182799ce1,82b07d1f6a53b4073ac2e66638051ff7,f009f01467722aa8ba3d7543b9dae37fb8f2de2e0d6ff46755d9684b47775e41
ITAS.EXE,CD,https://www.virustotal.com/en/file/f10aea369bc86b9350584355cc31bb8c909a744e747f8a9840bd0bc85fce176e/analysis/,5851c3fb0957243b75f93ee7718d8a311035eb0b,dfc34a63fe9bb7437fb85bdaa9598a01,f10aea369bc86b9350584355cc31bb8c909a744e747f8a9840bd0bc85fce176e
jre-8u25-windows-i586.exe,A,https://www.virustotal.com/en/file/8f6988e717e0334b33b7f4697c8ebbb5038c218994c8da7dc295986fe43b2b8b/analysis/,ff3d21c97e9ca71157f12221ccf0788a9775ec92,2cdd85286c5531557f3f20a7cafa7291,8f6988e717e0334b33b7f4697c8ebbb5038c218994c8da7dc295986fe43b2b8b
keygen.exe,CD,PGP v9 keygen,e33ccf7389525d9d195587e62804a37bd7b5e728,d84db581cd7317363a6eacc567fdfbe5,514c0c34572895c41d83e674bbda9135da545c48c8e1dd9ff5a7ec5a8d52c72d
keygen_windows.exe,A,https://www.virustotal.com/en/file/feee319cff39fe40dd0e0651bdbb24e9701d7f5adc9eefbfbd4e7e465ebee7f1/analysis/,62de7920de0dd9904b9af388ef5bb4c277a61051,ef61dcb3711fd43d1a7e40b6dbd7d361,feee319cff39fe40dd0e0651bdbb24e9701d7f5adc9eefbfbd4e7e465ebee7f1
kis14.0.0.4651it-it.exe,CD,Kaspersky Lab/hashes not found online,2f02b5736f9fe8987607885bce0fc28fc7ea922b,e3b3919d8ed1399a113d8a3c5a1586f9,e827ec9a1b0acaf346aa98dd77ea61479ff6cd89bb631e7dbef6ead3b5c59bc0
kis15.0.1.415it-it.exe,CD,Kaspersky Lab/hashes not found online,afa5d700967a657dee8befc026241caaa41c5fba,1024b2fb3058a691d20c0845a35a38d0,683f59b3f4ea8b5b50446e08861a208eb154db039f5c769db52fb2df2ff39517
kpress.exe,B,,d0bf7118bdea8868e794171e176c7e1b45da7cfd,eedb2f28eec31de121432f3f9c3c5ba7,da400b87fba59ba933e1a77ce4ca27e6b42e27a3fd5551fbe8bf39853ed30bf4
LANCODE.EXE,CD,https://www.virustotal.com/en/file/7f27100409815208dcaa4c05dc5d1e5d7541a08371e579778a9b9cae298a498e/analysis/,e1767a98afaa3517652c9d0d1aca9245782d2ff2,0787751f46469c2d3e5de5d4fbd11692,7f27100409815208dcaa4c05dc5d1e5d7541a08371e579778a9b9cae298a498e
ldid-2.1.exe,B,,8e401062e69b1b0907dc6e30a1ef6e6b9fc03dd0,2b71bc9e931f39bebf8b27ad8a6c1341,21451a9ffe2d82092e0b9f64601867ef9710e0de6cc2ec40de80571c6e6f8ba6
ldid-cygwin.exe,CD,https://www.virustotal.com/en/file/afcab14b17a685f51809883bf501e8429152414b8f93a041eefa01e4d2d015ef/analysis/,0d29d6b51761711968d2a0a21d9e62b2b5edc143,f244e28e40f924b0d719e8d611dee760,afcab14b17a685f51809883bf501e8429152414b8f93a041eefa01e4d2d015ef
ldid.exe,C,,a3df4270a10a6a83faef107515581d8507d6fe05,07238bdf46b7830ab24d2116023d5a44,55d1a2e48799a40611d43447de148f830fa867b21bdbaa065806ac84cadc43e4
libplist.dll,C,,bfdd623cb959c97bf8cfd98c174eef43a88d879f,7d8ffd2d94d8eefeb6ae5e9bac5b5acf,2fc9051101b18b9616ce459221b84fef1c482e895c8625d0b366ab76baad6ad6
libusbmuxd.dll,C,,b2065e7db241b202f8766dd4f295f0ec5b3c7df3,650a784652a9717a921ca41b0e2ad337,de0fb47273fbffd2de3457a730c7e2ae6038b3452805f5bd95257a17ed004ac5
LIMITI.EXE,CD,https://www.virustotal.com/en/file/5887451392b8d97f6e28b8e4256b135279d3cb532e6751e2edbf90525fc2abd7/analysis/,6440da9adf359f7b8d3132897f9e8106aa5acd0a,1de8a17c47789523d32136e911761f88,5887451392b8d97f6e28b8e4256b135279d3cb532e6751e2edbf90525fc2abd7
lj305x_339x-PCL6-pnp-win2kxp2003-it.exe,CD,HP related / hashes not found online,7635d83e0b4521663ade4bbfbbf331e00767371d,612b11748ca5a7043ee5078eb10a2ddc,28bde3aa00980e9ca5893004c59301f32de55a1c37951e0fb437d0b0f86c38d8
Loader.exe,A,https://www.virustotal.com/en/file/c52f4d1cf3ff09b22cf2f4bef867456aa7426c00fcd19c38b66ee3adc7eba057/analysis/,c520096fc851bb0da060fb6cab274387ca8e8f88,780c1904904356bb7e4304f37bd98c7b,c52f4d1cf3ff09b22cf2f4bef867456aa7426c00fcd19c38b66ee3adc7eba057
Loader.exe-validate-ca,A,https://www.virustotal.com/en/file/7fcd2160127471fbd92e3dfd656d73eef31195f1fe5a1c77027bd2a961467883/analysis/,441a3f4e360996f53a0ca5bf7280c03771badb90,7cefad54a4656d68d5662836d794b5bb,7fcd2160127471fbd92e3dfd656d73eef31195f1fe5a1c77027bd2a961467883
LPInstaller.exe,A,https://www.virustotal.com/en/file/976a843ee5a35e5015b5b2394e520e82403e6f81f877a4206bfe705bcb5e13e4/analysis/,9b1ed2cd261bc4b6f1ccf8441dbf3d5c936b63c4,58a5485bebda446634c538f20362f0e4,976a843ee5a35e5015b5b2394e520e82403e6f81f877a4206bfe705bcb5e13e4
MAIN.EXE,CD,https://www.virustotal.com/en/file/2a83621703aae61467158e0c85869e0f2277ee0427472c4c5ac268859fee7798/analysis/,a5763a96c727c51d851c0174fb340fbe84de37da,439e6d1b3fb051fa311bcfe1670f8a47,2a83621703aae61467158e0c85869e0f2277ee0427472c4c5ac268859fee7798
MASKGEN.EXE,CD,https://www.virustotal.com/en/file/296e9f04e0f291e9d6aff8443b4ab53ebc21fa524b18be0eb100b900cef1b5fa/analysis/,eca51153154c563a3e49f028f79e4463bb71c9c0,331660769ba66b683f4ba4c72a773f13,296e9f04e0f291e9d6aff8443b4ab53ebc21fa524b18be0eb100b900cef1b5fa
MASKMAN.EXE,CD,https://www.virustotal.com/en/file/c1b7a8c1cd20032048681f5ace27be3d5b8d2e026e0f7698c69442ec9b518b4d/analysis/,77836d5be70ea57070ff6f289ca6a61a3646b001,2ec4f4bef306fca8d9bd441f258324f2,c1b7a8c1cd20032048681f5ace27be3d5b8d2e026e0f7698c69442ec9b518b4d
meltapp_uto.exe,A,https://www.virustotal.com/en/file/3bee8a4ee4efc157949587342ca73316eb9c95442cdb25dc349008c43dc64ba6/analysis/,827ad016a75e822dccd4d3c0c0cc178e7702a99b,21749bb7bdeac89843a60b0d032cf874,3bee8a4ee4efc157949587342ca73316eb9c95442cdb25dc349008c43dc64ba6
microCadCamSetup.exe,A,https://www.virustotal.com/en/file/4ae1e35dc83825dc81e886b7597f00781b184be4fa288a8aa7a3c0f62a526387/analysis/,28fb3ef8f16da864f44529f1fa09872af6b7e858,081b26d9ca74faae821e0b2eb2bb1fc5,4ae1e35dc83825dc81e886b7597f00781b184be4fa288a8aa7a3c0f62a526387
Microsoft Office Access 2007.exe,A,https://www.virustotal.com/en/file/13397ce53d5bcc5339a9e5b83144eed11e051666abcf26ad393505cfd82ee9ea/analysis/,6efd210c94ef5d49de0f705931b9e93b37e688fb,0ee9ea3b831677df1ccde2eaafacd165,13397ce53d5bcc5339a9e5b83144eed11e051666abcf26ad393505cfd82ee9ea
Microsoft Office Excel 2007.exe,A,https://www.virustotal.com/en/file/8caa3a2f4c39992952cd2bb38bebadbbee5fb68114500e37832221d4e59aea30/analysis/,09b49ee08641e1d18532a67acc09d98a1b708545,710cdda3bc6ff73c2399d0a718c9fbe8,8caa3a2f4c39992952cd2bb38bebadbbee5fb68114500e37832221d4e59aea30
Microsoft Office PowerPoint 2007.exe,A,https://www.virustotal.com/en/file/d70699e40511f4dd459420751e66a2564f050ab17b101ca9955423de2c579fa6/analysis/,076b09d71c5c55e7ae6f044791142470799648bc,dfd6d9d5d7074e3d822ee7002a2538b6,d70699e40511f4dd459420751e66a2564f050ab17b101ca9955423de2c579fa6
Microsoft Office Publisher 2007.exe,A,https://www.virustotal.com/en/file/73ab06fce6b9746c1010a3c588c62069213d94134823b7527559a0f41c88d20d/analysis/,ba553804706964473d3782468b1575548da0e211,64e273360b3f45a60cf99ad564954a19,73ab06fce6b9746c1010a3c588c62069213d94134823b7527559a0f41c88d20d
Microsoft Office Word 2007.exe,D,Cracked/Pirated Office,2dc37aa7241c408b01bd1a5e69ea151c295176e2,cd3614092135f8f6c222d6010a3130d6,ffd49343ef5d6a77d30c9e9678079d48285e82d9537abe4f12ccebdd5caea23c
mkidp.exe,A,https://www.virustotal.com/en/file/c14327a7d2c7ab2d3edb5c0db2f87688c30f4f781c10b6017183f74403494c07/analysis/,621e2fbcddee9d4915c2bd4689234ed40475dfb3,aec0f36dd1296689a740e43e3b51d734,c14327a7d2c7ab2d3edb5c0db2f87688c30f4f781c10b6017183f74403494c07
mkisofs.exe,CD,https://www.virustotal.com/en/file/081d62be8d947b1ecbeb8f77c776bb79f06e86e39df4a182c3a3f25744313196/analysis/,724c7684648b0bdcbcbe090c3eb8f3fa8b8d2da0,6db0821c12c8fc6e42924ac589aa46c9,081d62be8d947b1ecbeb8f77c776bb79f06e86e39df4a182c3a3f25744313196
MODUNAME.exe,A,https://www.virustotal.com/en/file/a1eae49b5f732a7ceef30fa8aa1218c9c97e6436bfab5555ed79e4b29b0fda83/analysis/,23ba80af8dfb460b579b46309f4b7f0de53bbdd4,c36d60abed084c6d61741b08ff6681df,a1eae49b5f732a7ceef30fa8aa1218c9c97e6436bfab5555ed79e4b29b0fda83
Mpk.dll,A,https://www.virustotal.com/en/file/9f3673b51a622dbe8ea5f92ad37ff12ed0a03ff5c30a9ca20575dca08c624fa3/analysis/,0540e5eacd37ea3285f8a239dd72e3e7e4faf33e,f713c1e740d67292db2d96c7755a63bc,9f3673b51a622dbe8ea5f92ad37ff12ed0a03ff5c30a9ca20575dca08c624fa3
_MPK.exe,A,https://www.virustotal.com/en/file/637cf542512b0b6507b39686c7e87af30e7aa3a02eb9481a49efb4d0951adfe8/analysis/,d73123ae61b9183f82ac9fa64c813f2b7483e772,9ff1afd5fc8595cd35741696a7a24a4c,637cf542512b0b6507b39686c7e87af30e7aa3a02eb9481a49efb4d0951adfe8
MPK.exe,A,https://www.virustotal.com/en/file/c8b3fa82fdd97f731851fa19611499b2c7a493cd689ac4d1796b3687d7fb6c82/analysis/,a047c5270762a05632b908c65beb14908bc4972f,b4ffce10c64d1107901318b43b012e9a,c8b3fa82fdd97f731851fa19611499b2c7a493cd689ac4d1796b3687d7fb6c82
MSACCESS.EXE,A,https://www.virustotal.com/en/file/71864e38545034655c934d46f6b50485cb3d605ad39a7c3889f7d3816440bf1c/analysis/,275c5629439be1efa5f586b0bde9f447b85be829,2e6707641e23e18134e93e3c4f51c840,71864e38545034655c934d46f6b50485cb3d605ad39a7c3889f7d3816440bf1c
MSTORE.EXE,A,https://www.virustotal.com/en/file/c65d9d6defebeacbf761ae61baee0386dd7aeb2bd8577611edfadfb765e6ca52/analysis/,589c73842529a15fa9b77b6d4c09b4f519b16fc5,5bcdf425169900ec224039b72c6ec5dc,c65d9d6defebeacbf761ae61baee0386dd7aeb2bd8577611edfadfb765e6ca52
msutton-comraider_setup.exe,A,https://www.virustotal.com/en/file/84058a01bb257a5c0f9a27f893ded585d349c9d87036d1a386fb8368cea2f545/analysis/,ab30ae8b0bf1f3986d9635ea6caddf3878b26fa1,89eab97e6862ab4c47d9f66f850e58ee,84058a01bb257a5c0f9a27f893ded585d349c9d87036d1a386fb8368cea2f545
mxml1.dll,A,,944e99725740271a01012d13ccbc9b9b4094fdbf,5a0ae7088982e61cad12d0bfcc14d070,374f1774b3689e8f1cbbee2cdcef9a94bb30048b0f4f243b8c1c8d1d70ec8442
NipperME.exe,CD,https://www.virustotal.com/en/file/2ae912e59afee8b92687549c81a49e5146985dae27502ad9e06637e481d5d627/analysis/,cb6f5376524f3b9110b9e61954c39f86e7e5dde4,5b048ab9669d8db59dfa4587a1ed0cf0,2ae912e59afee8b92687549c81a49e5146985dae27502ad9e06637e481d5d627
NoCache.exe,CD,https://www.virustotal.com/en/file/32fb339ad17e516c1ffe6e84f792cccc200ba059cbefb3854b2aff7c82e365ba/analysis/,61b2fd880f41362add368265e91b018103127205,29dd91494b86e42c45f1556359c5405f,32fb339ad17e516c1ffe6e84f792cccc200ba059cbefb3854b2aff7c82e365ba
NortonSS_1YEAR_US.EXE,A,https://www.virustotal.com/en/file/edc3fba72f9a485c43c1aa3cbe0c5752d8af2ec7bfecb48a46f467e549daac05/analysis/,89b07f90ec9db28d0c53423e6f64745da7e607cb,56ac87bbab2e471bad63918f3b953745,edc3fba72f9a485c43c1aa3cbe0c5752d8af2ec7bfecb48a46f467e549daac05
NTop_XTRA_3_15_0.exe,CD,https://www.virustotal.com/en/file/7f974955714319a86b478fbe7f10fe0cd8f2cd15bb87f6b006f7a9deae010d6d/analysis/,97e7de9f59ea3b73d494cf06bfcc2f697854b087,dd2461596f23a42bfaa417ae59778dd6,7f974955714319a86b478fbe7f10fe0cd8f2cd15bb87f6b006f7a9deae010d6d
OFFDIAG.EXE,A,https://www.virustotal.com/en/file/72dc79c35aac14f453674ac3b62c268843a9c614ae99da01879db04c1dd995f9/analysis/,ec316bb9b9d0a09c2bd566e98d6507edb9932eec,d54e2e633cea68716023e0e524325ffc,72dc79c35aac14f453674ac3b62c268843a9c614ae99da01879db04c1dd995f9
Office2010_ProPlus_x86.exe,D,Pirated/Cracked Office,ff5a6ed3712766feb130bf8187f01c42aca590cd,fcbaba0fa7683a9d10fc455c4bf75eb1,e326ff4b3581b0c6cabdf973ad62a3feadad31f65bac975572f55cf1462bbab7
Office_Word.exe,A,https://www.virustotal.com/en/file/010ce301d6ff509e111e9102ec7b883fd888f1510fe3bfba6d71986704dbcd28/analysis/,389c1d337548d2e3721466a3ca3fd54881cd5aee,97ff374ab1a7358eb362406baa0554c8,010ce301d6ff509e111e9102ec7b883fd888f1510fe3bfba6d71986704dbcd28
OfflineInstall.exe,B,,99e4e7ed8dd2d54f6b68b7c0f03bb361ede438ac,c1230aa332b3642ae0c6f64abf7823a9,3c031a468d230b44c1fe6bbc59d5445f78ce329885bc9f66687852fa7e61f7ed
OfflineInstall.exe,CD,https://www.virustotal.com/en/file/23fc75c4cc154a74aeeff9c7729295b7436d26bb6a0292627120782fe698b18a/analysis/,1ff40a24c1f9d5a09b0b882ec4ec7228de6f437a,0a403c78075cb35602a3bcbd93f18f99,23fc75c4cc154a74aeeff9c7729295b7436d26bb6a0292627120782fe698b18a
OIS.EXE,A,https://www.virustotal.com/en/file/b0d3aad477487039fbe9a33a66bd3654fb17f8af731c965d78977ebeb20392a8/analysis/,0ac7f04dd08120e93ea449b49eb8e557a5a2ef22,94bac050560b074bf7f48dcc282ab7ff,b0d3aad477487039fbe9a33a66bd3654fb17f8af731c965d78977ebeb20392a8
OYMAN.exe,A,https://www.virustotal.com/en/file/602bb8e06f9ec55f1b4c78a77e4ec229548763076a69e6606a898c4dd9731ff4/analysis/,a6e5539410661a8407ea022f4f55aa13ca674fa1,5e000fd125d326782a4b3dbd8eb65cf2,602bb8e06f9ec55f1b4c78a77e4ec229548763076a69e6606a898c4dd9731ff4
packer32.exe,CD,https://www.virustotal.com/en/file/bb2e56e22ec4fc86f70ca44b847cf03763ae4f7a5877993c3dc03dccbfa8c4d8/analysis/,272d783cb0bdeb6691758e1f592fd532319820c5,d54de20c9ea82ce5e212ebcbb25f8093,bb2e56e22ec4fc86f70ca44b847cf03763ae4f7a5877993c3dc03dccbfa8c4d8
packer64.exe,A,https://www.virustotal.com/en/file/5691fefbba82244c63e2166e246b1ef16d66b46ff1434e13815c8796177dc522/analysis/,779946589786d2dfea06bd102be88df02426b491,cc0bb7d434d786bf35447cf90e3b88df,5691fefbba82244c63e2166e246b1ef16d66b46ff1434e13815c8796177dc522
Patch.exe,A,https://www.virustotal.com/en/file/150924668c8d7cd9899360eba12f13246538c50fbe7ef1ebf234ed7128c9936e/analysis/,ca84583819c9723fe8d9fc69d8cee66687a180c7,5cb4e4e218b97c09c885d157e83f7247,150924668c8d7cd9899360eba12f13246538c50fbe7ef1ebf234ed7128c9936e
PatchSleep.exe,CD,https://www.virustotal.com/en/file/65c3784519e5ea050b8b669d2f074183c663abf5ef5335f7c2dcc6c283d5c991/analysis/,a29145b3eda915c5eb0909f5205a765950b81c12,d00dceedb67e866c76b0968f8a4aa8e8,65c3784519e5ea050b8b669d2f074183c663abf5ef5335f7c2dcc6c283d5c991
PBAINST.EXE,CD,https://www.virustotal.com/en/file/a99a397d998961c176da6b16a3b68b8d6b209d0dbc90b9ab461657d9b50d5a7d/analysis/,8ad651b56ab534e47e25b19a4403394c1e9c19e6,a0d25a924335826c394901425e4d7da1,a99a397d998961c176da6b16a3b68b8d6b209d0dbc90b9ab461657d9b50d5a7d
pcf.exe,A,https://www.virustotal.com/en/file/3d8a446c2da93d0c909caf9724ad452c66c944cf71f582a9b5002e9b2cc67793/analysis/,1ba03151aee8276e95666df59e36506a9136634d,f7133f6037738c9c0ade22104349e8bc,3d8a446c2da93d0c909caf9724ad452c66c944cf71f582a9b5002e9b2cc67793
pelf.exe,A,https://www.virustotal.com/en/file/eda9ba61ad01810aa53eece81626e913c4058a3b3cbf65fded907528117db0ec/analysis/,b683759f398e76e471879efb52df1738bf1fc307,875a81e316b0759f246bde12bf5be852,eda9ba61ad01810aa53eece81626e913c4058a3b3cbf65fded907528117db0ec
petran.exe,CD,https://www.virustotal.com/en/file/d4414fffcc561578f53bdffc0a61ca081f45f8a7f203ec012ba80a3d2a45b7b0/analysis/,5ebb4bce1fcf09933c2d61c54b58721a20dca562,e1086a6c67599a6edf00a209891d29d6,d4414fffcc561578f53bdffc0a61ca081f45f8a7f203ec012ba80a3d2a45b7b0
peutil.exe,A,https://www.virustotal.com/en/file/314211107852b35dbf7d2abc54581aadfce1ddf79e1930bb44e37ea4af338541/analysis/,09a77488453f586ac03782a539225487c44c3a30,365bf9ae89eebc67a34e09ad07ebf166,314211107852b35dbf7d2abc54581aadfce1ddf79e1930bb44e37ea4af338541
PGPDesktop901.exe,CD,https://www.virustotal.com/en/file/ad88c494669cf7224ca9511bfd4fcd130984f34d740e8d06661eb4b9967f019c/analysis/,d3d9b85ae383218afcb57fc8a621278261f39a4c,a819716b5980bc562b8964b9531945a5,ad88c494669cf7224ca9511bfd4fcd130984f34d740e8d06661eb4b9967f019c
plb.exe,A,https://www.virustotal.com/en/file/f8addfa091021a34f8b16fac0687b685b72ff1cac87ba1392d6195ab42954d42/analysis/,b6435e8a9356ef2dc0d31b491b78f8c870a4bbec,4b8bb84127b0967d316e3d507a0f3b59,f8addfa091021a34f8b16fac0687b685b72ff1cac87ba1392d6195ab42954d42
PMIEFuck-WinWord.dll,A,https://www.virustotal.com/en/file/ad55c2dcf7e3373ea074061d119c891b34e4364cd7f5f679b475b5ec3371592e/analysis/,d2cc4bf197b9d408bcec69252725bbcdb516308c,b58e692d0558ba1b9cfcdda2775c7fac,ad55c2dcf7e3373ea074061d119c891b34e4364cd7f5f679b475b5ec3371592e
polymer.dll,A,,79fc0befe9e5530e2496a9fa6beadaa636119aa8,640b52a15b798fa6cee52f2f309f43f4,4d96580225828b1b735a02835b5d753992be7ccdfcfb80c50d7acaae3e8c63c6
pomf166.exe,A,https://www.virustotal.com/en/file/f82c4673a15ff6c5806f54811c4e782b595a0a445476c3ccdbdc4cd200bfe36e/analysis/,2f9a28719745d1f95818c424bef3bd202f4172e9,56fd59bf9f93ab512cfb0822e20dc157,f82c4673a15ff6c5806f54811c4e782b595a0a445476c3ccdbdc4cd200bfe36e
POSTCAUS.EXE,CD,https://www.virustotal.com/en/file/8861391b767cb9fa74c442a11edf407acf614b404a5971c6292655fc448a5679/analysis/,03c0fe990662abcf32bd2d3d494070366132c367,2e400c19dd2aa724ce57d723b5cd0e51,8861391b767cb9fa74c442a11edf407acf614b404a5971c6292655fc448a5679
POSTLIST.EXE,CD,https://www.virustotal.com/en/file/3f44a887f3c06f2fbc77e8c1f4f3af0308abc85cad4268a194eea51395e9cd61/analysis/,c5989c1360d61b53bfb1dbd45ec223d806b8dc88,e9fee25f286004357efc21038b71c3ea,3f44a887f3c06f2fbc77e8c1f4f3af0308abc85cad4268a194eea51395e9cd61
POWERPNT.EXE,A,https://www.virustotal.com/en/file/1c5f12e0c15adf930b31402e6586f3a05a0173237ea13adce2f01edde9748992/analysis/,80bf90a45be02815e6765e931063948bc563a8af,dae2dab64bdffe40c3730f7797c4c372,1c5f12e0c15adf930b31402e6586f3a05a0173237ea13adce2f01edde9748992
ppsx.exe,A,https://www.virustotal.com/en/file/3e9a6f168c4f9f6ce6c6db3fee35218408ee0f79189f53e174f19a439e4036fb/analysis/,57a0d519db2354fb7f83f5243d4a9fbecf37f677,7f1c1146f08a03ec811f443ac6decc15,3e9a6f168c4f9f6ce6c6db3fee35218408ee0f79189f53e174f19a439e4036fb
Project1.exe,A,https://www.virustotal.com/en/file/559266876f060621f9b910ec75404946121460375b6f7812da717896e96dec26/analysis/,a14d7340ac6baf0b38eee37d7e3097d92a7e75e7,a05c9161177ee61f3e5aba75fc0a4970,559266876f060621f9b910ec75404946121460375b6f7812da717896e96dec26
PROVA.exe,A,https://www.virustotal.com/en/file/90324a869541e0e67f0a3d4dcbdcdeefcaa4839edcb55ee163b7f26f80725278/analysis/,c6993c06bb4721a8637390b282e30d5a1c91a22f,5a724230ca622bdcdc0ba41e524821ca,90324a869541e0e67f0a3d4dcbdcdeefcaa4839edcb55ee163b7f26f80725278
ptmobj.exe,A,https://www.virustotal.com/en/file/b800ba5adfc26f20b4049dba2442be73347e999a224716c7ecb5271e482e0a4d/analysis/,f771f3b68376fa211e590a7f5cb65f7cbab20187,7421ef518702479d9b1a4b82318a1095,b800ba5adfc26f20b4049dba2442be73347e999a224716c7ecb5271e482e0a4d
PUTTEOR.EXE,CD,https://www.virustotal.com/en/file/c859aa2de123b3526dd7e5645d8b631d1a7ce54d62534288940f215243fda561/analysis/,99b08a3242fef9692878719c049962c1f653f0b1,e830bc1a73bd2fa0343098af12dfb5bb,c859aa2de123b3526dd7e5645d8b631d1a7ce54d62534288940f215243fda561
putty.exe,A,https://www.virustotal.com/en/file/0418ecb096bdb3360694780a76838cd333900ebb26a168e3a95225e6579ea20e/analysis/,34da42515658486c097b4a16c8e7ab6d3fd14020,d7697f8af52b42e2fb59a350886f02a1,0418ecb096bdb3360694780a76838cd333900ebb26a168e3a95225e6579ea20e
pywin32-217.win32-py2.7.exe,A,,36016bbccebddd9060073f1c9f0c80a2c2dd9cc1,42202e223b9d21079f397b9116093ac6,79c4bcc19a33e6b1ef4308b8d8ca93a6f97a08280d80d3ed856805d560e4489d
QDriverLoader.exe,CD,https://www.virustotal.com/en/file/622a646311cc4ceec5d9b904fd4e4b5cc27a77b76fbbe2daf00976477241b0e7/analysis/,01c31ede6f2563fc62dca1680e95410de4678d04,10bbd73264eb8c5c126eddf1c224d2ad,622a646311cc4ceec5d9b904fd4e4b5cc27a77b76fbbe2daf00976477241b0e7
QowsV3u_.I5B,B,,8b4dbcc306c0df0b96505747e13e9c15747aac38,708dd9be439c744b43ce18303b8426d9,d8d668e9d0c8e228b5d329b03cafd5e4b144cd955bacd7052d9c4a3b6ca67753
QPD001.exe,A,https://www.virustotal.com/en/file/656c897b39d7867bd4d38696100a09e379b06ab5e5f6842c1329f6bb83e70161/analysis/,4dbdb482e6f4882ed8d31e1362e84fc104b397d2,9ed0d182100447ad46b38f8ceef612f2,656c897b39d7867bd4d38696100a09e379b06ab5e5f6842c1329f6bb83e70161
Quezzolino.exe,A,https://www.virustotal.com/en/file/e378812f4347b6ec7a517d9c06dc1cd608322033743ec075afe26857bb65c6b0/analysis/,5ef6c7729e2f6d445fd3fd72f93ec637a5c32789,7f2aad2ad7bced650d9eb19dc80502c9,e378812f4347b6ec7a517d9c06dc1cd608322033743ec075afe26857bb65c6b0
RamCleaner.exe,A,https://www.virustotal.com/en/file/7a136aff189f79dee342378d9d011ef35b639840148989670cd9ed3aaa404cdd/analysis/,58611fe7ab6aa2e2550c40a059c9f11e88b04252,40e118e4ed768f32da3bd4737a5fc60b,7a136aff189f79dee342378d9d011ef35b639840148989670cd9ed3aaa404cdd
ras.exe,CD,https://www.virustotal.com/en/file/568b1b2fd194688667619f071c470537b8d3f82ea8824e4b60cea3c4f7199328/analysis/,5583278cec59b29b1418e078ce57dc57cca8831a,e8bdefc4ad172e6f0e26bd071b36ca06,568b1b2fd194688667619f071c470537b8d3f82ea8824e4b60cea3c4f7199328
RCS_0000000001.exe,A,https://www.virustotal.com/en/file/a9e25fbb95253412de09bc1e4323602afbf5077aca71f861cbc7ad74581511a2/analysis/,b149a8009f1c4e845778370d25f2df980adea362,6f653987ef4837ab20bd0b2d2f609ab0,a9e25fbb95253412de09bc1e4323602afbf5077aca71f861cbc7ad74581511a2
rcs,A,,48c3fa74a00f1115c0e089f23997f112c85741b4,b043ec1567ecceb84c20a853d9245132,f6c3d4c2db6e10d5fe9dcddf771d6261a525e7789189f0cfdb4a87faf34d6dd6
RCSASP-7.3.0.exe,A,https://www.virustotal.com/en/file/a801ca60fe94c8182274cbea1f5d3666d0b9aada7feffe3d9a613eb1c3a6f949/analysis/,ae4ca2e5a431c67a427a36823aeeebd89f3ed0cb,8aa3c6e9cdb8724088c67c414691b66e,a801ca60fe94c8182274cbea1f5d3666d0b9aada7feffe3d9a613eb1c3a6f949
RCSCooker.exe,A,https://www.virustotal.com/en/file/79deeb5af79f9a48cbbbb37400b940dc1e709230d0b176669bc1d095c4bedca7/analysis/,26f87e87c78f075ff69aa7de4f6c50f97f499ab7,e3bd52648f653b38d75d325f2c205130,79deeb5af79f9a48cbbbb37400b940dc1e709230d0b176669bc1d095c4bedca7
rcscrypt.exe,CD,https://www.virustotal.com/en/file/2424e1d1c1820a2cbb194f053f84f4a2c11ee2c75f301985c9236678944d3756/analysis/,c6677a7ae8844ccccea5672bb950f40111b6f1ca,062dba4f938910eb5f84fc70a224466a,2424e1d1c1820a2cbb194f053f84f4a2c11ee2c75f301985c9236678944d3756
RCSDB-2008041101.exe,CD,remote control system db,17895ed9f472bf3c2300da2d300e6a38d7b1d0cb,f9799175290f28ec2c1c7b2598307bbe,91583788c81ef48567671b8173c31b826b8f3e20cb40b8bdd7a528093ec7c717
RCSDB-7.3.0.exe,CD,remote control system db,bcb604b382a4e82827aec23246609c1314e993eb,98ef32a6462b3ba8cabb372f5aa95cff,3ffcd563ca6222ff5e88928a363e38d482302de57b04c36dd710a4bd1c5d430e
RCSDB-bare-7.6.0.exe,A,https://www.virustotal.com/en/file/f2f6dfc7fc3ff1170a80d661c1dbc18dbdfa456c1327ac475a7b21a38ec014be/analysis/,ee52c9416e9da9a1f67785bada3c9f4dae89d1e3,4bd8de4ce17067db858d63997315aee3,f2f6dfc7fc3ff1170a80d661c1dbc18dbdfa456c1327ac475a7b21a38ec014be
RCSDB-update-7.3.1.exe,A,https://www.virustotal.com/en/file/1b72081c4422785d8c6c016b10bdd7545e5fc6f1ff73277b0366e9b40e624616/analysis/,fd9516d2c5493009009eedc0e98e345956516d1d,983ea03599f2371d3aa4b561fbdb9d35,1b72081c4422785d8c6c016b10bdd7545e5fc6f1ff73277b0366e9b40e624616
RCSDB-update-unofficial.exe,A,https://www.virustotal.com/en/file/fff8c7da09ace612e203a7d91b24e56a9e1715d5bfe6a7a4466adff284009a1e/analysis/,90342657a424fcffa836dfa5136eb362f49fdfb6,19e932c289b936f407cd93dc4162eec4,fff8c7da09ace612e203a7d91b24e56a9e1715d5bfe6a7a4466adff284009a1e
rcs-exploits-2014093001.exe,A,https://www.virustotal.com/en/file/42dc1f9417fb067c3b96622ccf6e8c80c9d07202cc28f3c4d460d5bdc6ff249f/analysis/,d228b700a6f4542a63337ab0899bd7e90982c30e,5527d16136944bc3795bc65bcbbe65f3,42dc1f9417fb067c3b96622ccf6e8c80c9d07202cc28f3c4d460d5bdc6ff249f
rcs-exploits-2014120801.exe,A,https://www.virustotal.com/en/file/7927f3a35d87250253d8abc021d44cc496d2185f376f0d33b0365a68ba81e636/analysis/,5004f0d0410666e923212e941f646777b91958b0,f855633c69c3095b20a99bd12d023271,7927f3a35d87250253d8abc021d44cc496d2185f376f0d33b0365a68ba81e636
rcs-exploits-2015032101.exe,A,https://www.virustotal.com/en/file/5ec8cd3180a2576b92d53085ff5e3dcf4e3dccaf2154b59879969ef8011fd1c2/analysis/,4edb69adbc1ebc884aa65cd42e1187f9223de3d3,27f45f64f69d31839a6ec82185b5e030,5ec8cd3180a2576b92d53085ff5e3dcf4e3dccaf2154b59879969ef8011fd1c2
rcs-hotfix-9.4.0_2.exe,A,https://www.virustotal.com/en/file/4f9f7f9b2a3ee884f4aa08c066a458a52f175a78b7748ef4a751543213b92d29/analysis/,33aa87925aaafa5c97df0c4334b3e70b5ce43552,0bb14e2cbce99ac845c62bea9c5d62ba,4f9f7f9b2a3ee884f4aa08c066a458a52f175a78b7748ef4a751543213b92d29
rcs-hotfix-9.4.0.exe,A,https://www.virustotal.com/en/file/598bab73e4e2e9a09da64a16c807fea62bac20ec206384194478fcaf9eac1b14/analysis/,edc03b57e86aab5f869533ce2487f6918e26d5fe,c170a9961560e4c96215a06f75985fc8,598bab73e4e2e9a09da64a16c807fea62bac20ec206384194478fcaf9eac1b14
RCSIphonePolymer.exe,CD,https://www.virustotal.com/en/file/9a68ae8f678636414d04cef6aaeea76b31f06870a039474e24ce0d299cfe7ff9/analysis/,7320dfe9ba71a56866ada74eb22ba20afa15a552,37c3f6ae3f1ccee442cfefdb93a0abe2,9a68ae8f678636414d04cef6aaeea76b31f06870a039474e24ce0d299cfe7ff9
RCSMacOsDropper.exe,A,https://www.virustotal.com/en/file/a72dc5010dc21c3bc9075c74fc7b87f0f89cfbeb1b1c4cdab06db4262d84969d/analysis/,fb9fddb2b74e62d2e949520de23d6a2a2a16e576,f12ed5b550d6856ccb501f9ad65f956b,a72dc5010dc21c3bc9075c74fc7b87f0f89cfbeb1b1c4cdab06db4262d84969d
RCSMacOsPolymer.exe,A,https://www.virustotal.com/en/file/71fe815f897877e69e4a37844a6d2feb40fdecaed1dd55b07472234e87e22767/analysis/,f19e73120166b637ee7a941540979efaa4a284b5,7ebc36666f11c4285ee68501dc3c1b5a,71fe815f897877e69e4a37844a6d2feb40fdecaed1dd55b07472234e87e22767
RCSMobile_2011032101-debug.dll,A,https://www.virustotal.com/en/file/6d22dbb5285391be5dcce7a2aed9f14b7ef57de90fd5b02d4bd7ba07d4a5d455/analysis/,9cfa6d066024a458e133fb9cfbafbdfa0b1c64f9,63de9e55e07f81e6d38eb859483b103d,6d22dbb5285391be5dcce7a2aed9f14b7ef57de90fd5b02d4bd7ba07d4a5d455
rcsmobile-2012013101.dll,A,https://www.virustotal.com/en/file/5e75e0babe92f1a7691a43641fadb7be84d4d273b8bcc6cce5dfeb5523a6b709/analysis/,13b20e7945eb7342540b5fab2eb2f03063518239,0df77ac381a54c34bf3f12d13f516be1,5e75e0babe92f1a7691a43641fadb7be84d4d273b8bcc6cce5dfeb5523a6b709
rcs-money-2014120801.exe,A,https://www.virustotal.com/en/file/654e7dd64ab4ef04ea22f63fb0497346fb8d484a488be428d78d32a17654604d/analysis/,ab57daff9d93e71bcdf7f4b356089d3ae681602b,c89f6c16e581e975a12ec19191a766d1,654e7dd64ab4ef04ea22f63fb0497346fb8d484a488be428d78d32a17654604d
rcs-money-9.4.0.exe,A,https://www.virustotal.com/en/file/6e678dc4d933b186557f671913fb2fada37f342d5007dac0b745ca718d2e7405/analysis/,b0e59fc1d41f66919fc25e454d26d9fd004e03bb,b0d0828a54cd184137de8d0deb698119,6e678dc4d933b186557f671913fb2fada37f342d5007dac0b745ca718d2e7405
rcs-ocr-2014120801.exe,CD,Remote control system related,90c004bd8d49231a04c5f2087afd9afca73a0b00,0d3d40766dd51072fb15b5e99dc9103c,4846f3d91b3ebb54b5a8739f6ac5baae2ae28d8e363b87ed6fd37e1a012f32ec
rcs-ocr-9.4.0.exe,A,https://www.virustotal.com/en/file/cba8e646e951dbfde33daddc1ad6429814dad1ae1786c886948ce9ed7029f487/analysis/,41b844cd42208eab05e203b5e22712eaf568d133,768ee422a113dc1ae0310f6bc4d7c66d,cba8e646e951dbfde33daddc1ad6429814dad1ae1786c886948ce9ed7029f487
rcs-setup-2014120801.exe,CD,Remote control system related,ecd0d9842e482c3f33051a04de2a746c94532cf8,48946b57b2dc7fea9de4f4e82411a6e7,b292df8f088af93ab479c47c8afef0144e952a742e9d136b078ea07fa691e328
rcs-setup-2014121601.exe,CD,Remote constrol system related,90200a689e426745a286b46e69b447006900f671,0c2329c8434221fb54ce3549e2748820,9a6837504d6c41409008c3b50bbe006d5cc167e92f6f63a62320a78417307fa5
rcs-setup-2015020201.exe,CD,Remote control system related,f24bf41a756388fbf9b90bad8e7a6ab4f979bf0d,942dfaa789db5b5e349be1c077114cb1,bc0ca8f7de902d9b387db9533d0bee3f94e3e915495821bc739adb6ccb70bed2
rcs-setup-2015032101.exe,CD,Remote control system related,832984edb287df44e38ac750086ccb5572ebc0e6,80d9f6c1d803a2321ac5b21615adcad8,78d54fd3dfdf0be1baaec7fd9320cd549582dcfb3e14257fa2169c0fa60af994
rcs-setup-9.4.0.exe,CD,Remote control system related,a0afad754583c3e48b56feabec8cca83627dccea,abd35fcbcfe6b55340cc4c7f993b7212,c6aa5c8c72cb8dff50cefa4f3ec60fda50f64c54148658e3a1912728d83f5024
rcs-translate-2014120801.exe,A,https://www.virustotal.com/en/file/b15b2acbe02d7b0649b41d1fe7e0cd008761cba28d20c5d9fa9c17e3a430d0eb/analysis/,b70d21894318a95717db2c5113be455ccd4c72e0,a4d16a3874aaf01d69c27032cb8988c3,b15b2acbe02d7b0649b41d1fe7e0cd008761cba28d20c5d9fa9c17e3a430d0eb
rcs-translate-9.4.0.exe,A,https://www.virustotal.com/en/file/cc87e067021f8b419cc73863d26bd54e25b6f4c8149d6d331ba50e54aea917ad/analysis/,d981a1a553729bc6ad875d57825dda17b226c385,168b06ee1219ada0afe184f9a70d12a0,cc87e067021f8b419cc73863d26bd54e25b6f4c8149d6d331ba50e54aea917ad
RCSWin32Dropper.exe,A,https://www.virustotal.com/en/file/0ca7fafd58f8ddca6dd182790b1a634205f45bac5c4a3ff4cecc3473d0c47726/analysis/,97400f2cd6873187109fb9a4be4cc199067e8e4b,32fcb852290c66212c9f5377313b3c54,0ca7fafd58f8ddca6dd182790b1a634205f45bac5c4a3ff4cecc3473d0c47726
RCSWin32Polymer.exe,CD,https://www.virustotal.com/en/file/342c4cac3b39eef3b1b455fc5e8cf493547f65aba415ba699c98bf675a746a49/analysis/,dfed8652101fa37eddffac7cbfa8b5792dc7a96b,57a8aca381d5c991dd622bad6221c02d,342c4cac3b39eef3b1b455fc5e8cf493547f65aba415ba699c98bf675a746a49
RCSWinMoDropper.exe,CD,https://www.virustotal.com/en/file/1381fb1455e99da4221589a7d0e51208e8038871586747209031d934fed5f2e6/analysis/,f9377a0161ded2273265b3ce5d3b9809ce3a8e60,1d384e3660e9087a1f5c8af8514fc4c8,1381fb1455e99da4221589a7d0e51208e8038871586747209031d934fed5f2e6
RCSWinMoPolymer.exe,CD,https://www.virustotal.com/en/file/43b98d7043144d35b6657174669dcc1e695cb8e34c0df454c652bdede72ffb93/analysis/,6d9a2661920c2e0d26d0cd64994360fc5016c03f,7f480a7b88f8127d31ad4ec3c825cf4f,43b98d7043144d35b6657174669dcc1e695cb8e34c0df454c652bdede72ffb93
ros.exe,A,https://www.virustotal.com/en/file/a9af1d410b796a7d89050bb8189048260564a1ff0b94db25d0f465ea18b1c02b/analysis/,b904f58d5bfd82d0778bdc9911f3b2193398e7cc,251de11b2d47bab208b578db6f4aa38f,a9af1d410b796a7d89050bb8189048260564a1ff0b94db25d0f465ea18b1c02b
RSA_Demo_Authentication_Manager_7.1.exe,CD,https://www.virustotal.com/en/file/37fe299ed3fd2584c9f6ff5473b2de4a7bd27e2561e0aa41df5afc5bf6ec3c41/analysis/,b924089075e7c5a3f5517190743718db551488e6,8390d4d97eb1075960fc69160ffec184,37fe299ed3fd2584c9f6ff5473b2de4a7bd27e2561e0aa41df5afc5bf6ec3c41
SALVTIMB.EXE,CD,https://www.virustotal.com/en/file/64abe3dea01a2064a62916e531a189ed93d730aed9876dc439c4eb78e3076345/analysis/,5af183d124743d3a8eb6487d87c2d642c4129445,1ecb837c25000482f9eba7b016f97d53,64abe3dea01a2064a62916e531a189ed93d730aed9876dc439c4eb78e3076345
SANHQInstall.exe,C,https://www.virustotal.com/en/file/51965ab9ffcb63f6104d451fd15f78331cbba796e28ac7748e8eefbe0b0f006c/analysis/,f3148c679ac9979de35fd8d5b20b189946d7c4cd,916e6874c4da8d8fcc4b62a3d0948245,51965ab9ffcb63f6104d451fd15f78331cbba796e28ac7748e8eefbe0b0f006c
scout-p.exe,A,https://www.virustotal.com/en/file/9db48e1cb712104830461c062d0a93f8e3b4043c0ab8b2dc0e1f5599827f4e21/analysis/,5ab36b7bb8b782cdc3a4670adf3afa2dabc978b8,2911e7d0f7a9ee343532865de81b1cc5,9db48e1cb712104830461c062d0a93f8e3b4043c0ab8b2dc0e1f5599827f4e21
scout-pulito.exe,A,https://www.virustotal.com/en/file/5a45524e9ad739585c3851b32f660d777624c811d0b293b3474fa2568e8022d4/analysis/,bab514067c72f51786054136d2e6ab927c62b275,b8bb19a432127cae3680ab46140c4789,5a45524e9ad739585c3851b32f660d777624c811d0b293b3474fa2568e8022d4
secondstage-20080805.exe,A,https://www.virustotal.com/en/file/b40d0ed8d1b7bbd0d52990ccbb7e927777d9854640c6c4b0adc683d55a965758/analysis/,8a0fa4074403caeef809113ba7c84eba4404ed9c,2c367d915ca37e237df16d8548151a8b,b40d0ed8d1b7bbd0d52990ccbb7e927777d9854640c6c4b0adc683d55a965758
seg_encrypt.exe,A,https://www.virustotal.com/en/file/8306c3a000636a21275774fcc17cd0bf75d1959bd9ea6bdb272666fda8494649/analysis/,09920b2f0d20df022da507ab7b334392f7380cb4,4b5d19d8a0bc70b2165144cb9be227e7,8306c3a000636a21275774fcc17cd0bf75d1959bd9ea6bdb272666fda8494649
seg_encrypt.exe,B,,896fe06a9b746dbd9f581267fbf8209a9d071c77,3ae733df029c56fa2e3fc9c07458d8c2,72269cb148f90e8dd2eefc947eb59af88e8f7bb9fbca2dc0d0d572f7a727a6e1
setup.dll,A,https://www.virustotal.com/en/file/abbac3dda22f825197dd65b8c1076c5ab8d7ecaa2ce2821b242f63154eafce3a/analysis/,f9860169568558df2eb06b9a7ab9d0a89f45cd44,1c5764dd71b9109dbbcd83201be2ceae,abbac3dda22f825197dd65b8c1076c5ab8d7ecaa2ce2821b242f63154eafce3a
Setup.exe,A,https://www.virustotal.com/en/file/988246ec5ee40470dd1c6661f7509d43dfa3debadd66ae4722a091935ecb56d9/analysis/,7b2507e7e06044fe193b811b7c6ee3768652fc67,5bad3163f9caf8686c7b9e43934a696f,988246ec5ee40470dd1c6661f7509d43dfa3debadd66ae4722a091935ecb56d9
setup.exe,A,https://www.virustotal.com/en/file/a5948e46db292b61d4c4032a7c7af15453477dd6ce4453daa4a6753c7763d873/analysis/,a56a1b3f473346f0395c0de433938dbf4fa25a11,c219ac463ef4bb377b0b5e7ec19ce976,a5948e46db292b61d4c4032a7c7af15453477dd6ce4453daa4a6753c7763d873
SETUP.EXE,A,https://www.virustotal.com/en/file/b524abb464b30366afff9b01da259432f76fef62a7b9d128284e289e76b3da16/analysis/,f3c3f9e3139efb822e7b574898e95c38498462c0,2377d5fa8c47ed262d49575e2e612433,b524abb464b30366afff9b01da259432f76fef62a7b9d128284e289e76b3da16
Setup_.exe,A,https://www.virustotal.com/en/file/e32cfd415d5aee289a62a02b28b7815346cd150d70c0e1f95bb92ecf26a855de/analysis/,ded04333c0eeb0f7978da4f298c191ecf42f98c2,e1e36fa0c482c71fd777be049272f7d2,e32cfd415d5aee289a62a02b28b7815346cd150d70c0e1f95bb92ecf26a855de
setup_Universal_U3_Customizer.exe,A,https://www.virustotal.com/en/file/b606cad7024a165b899e3d2ae9625e6d0f207928eb2838a6c4c8b26ddd583bb8/analysis/,e4c874697e71bb3b3b7fa0d5142f5c28df786313,448975cbf086c450d1ac6285f1b57e95,b606cad7024a165b899e3d2ae9625e6d0f207928eb2838a6c4c8b26ddd583bb8
Shared.dll,C,,78372f41d5e92207f278f059176bd8bdbf7b774c,81d32d0789ba7705f5ed8183d09d6785,352999525fed75cc48b4d0af95448c67ee75b13b4645d4a3d6c632e4e3044073
SharePoint.exe,CD,Cracked/Pirated Sharepoint,fbf5b3ac63177bc6d0f442a17fed7cc99f2b1469,cb7cd0801dddf01580c986890538a231,5e54fc43c0013f38c12ad777dd209a463c7d73db3a0c01ca0903976d856dfae4
ShellcodeInjector.exe,A,https://www.virustotal.com/en/file/31e9433eccf1c150462b705af11eff50587d25526225d0c4ba07312af0c81969/analysis/,4357e25f04f902a67604b8b9a6a122a9d3ca0357,a835bd1a588d516e8d9b12c7b85d54de,31e9433eccf1c150462b705af11eff50587d25526225d0c4ba07312af0c81969
Sierra Wireless Software Suite Full Installer v2-33.exe,CD,Hash not found online,a32191c086d1b3d2e83b493490560cc225faf69c,b834ac77ed662c67942163bfa776f64e,1bff9f531ad4cbf5a829436b6e459867ec0a956cc1a40c0bd8eb3c0d4846293b
Sierra_Wireless_Software_Suite_Light_Installer_v1-1-2.exe,CD,https://www.virustotal.com/en/file/e69f9773be05b1d0757ca826206aef1585e67282d2fbf544869034cff3a49194/analysis/,af2f9a22a1fa3b57ffeb41c45049e73fe4a6a284,2c588e6cedd33f8d4f3122ec3b90b5dc,e69f9773be05b1d0757ca826206aef1585e67282d2fbf544869034cff3a49194
Sierra_Wireless_Software_Suite_Light_Installer_v1-1-5.exe,CD,https://www.virustotal.com/en/file/ff156bb8efa93bcd15fd0d49fc154dc43835e1b66f7226dd27b66bb67622a516/analysis/,221a77832f5b39e0e5c4d7099e4d96c9ba6c3bba,81b9f49f11d4cab2cb68ead87a017d36,ff156bb8efa93bcd15fd0d49fc154dc43835e1b66f7226dd27b66bb67622a516
sigmake.exe,A,https://www.virustotal.com/en/file/941ceeb2cbe1969dc41059e0766b5d6df687e8e8d96e31efea71699686ab6b9e/analysis/,ea072de4b781749a694628da0758c934ce9cb0a4,014402d32082497d9fae6b339f358401,941ceeb2cbe1969dc41059e0766b5d6df687e8e8d96e31efea71699686ab6b9e
Sleep.exe,A,https://www.virustotal.com/en/file/adca333d2cee959c9323327ec8b3abd1193f34c520b80e4f699b49f70e14971c/analysis/,87c6760c13c17e35d90a203a2acacfdf2ada0ed2,f413e8519a67390e4618fb3653250572,adca333d2cee959c9323327ec8b3abd1193f34c520b80e4f699b49f70e14971c
SmsFilter.dll,CD,https://www.virustotal.com/en/file/f3caf8fac708bf3a4ea0511e06849a169e020bdf19c0f8f526abce0b3951fa42/analysis/,4be90804476b2833fe6afcaba35b07ecaa522a2c,44a6cdacf598a7905401b4f32d13eb41,f3caf8fac708bf3a4ea0511e06849a169e020bdf19c0f8f526abce0b3951fa42
SNAP.EXE,CD,https://www.virustotal.com/en/file/fd0d4f1a711a8de644667f0013e27dabb826d01b4a7563266c9cc701e9d5d838/analysis/,3e89aa84e3e1296f5c031234de28231e4db014d1,d3de67c7200164dc3e6b67e90b5cef3a,fd0d4f1a711a8de644667f0013e27dabb826d01b4a7563266c9cc701e9d5d838
so_1.exe,A,https://www.virustotal.com/en/file/2c72175f96c651eea3d3411efacf73e0fb3e7543451b73f5e2521f47be67f006/analysis/,f80dbd487b738df05fe27b8d5238cbd3e429dd97,8a19326b0ecbad83058b0ab803bad254,2c72175f96c651eea3d3411efacf73e0fb3e7543451b73f5e2521f47be67f006
soldier,B,,96d230111d22f00762507dfde87cef89818741a5,e020e15263f94716347b3755415e3db2,1b8fc7508f0e1ccfb2fabb513054dfe517e29f42383d865e68f1b70fc96cc239
Soldier.exe,A,https://www.virustotal.com/en/file/ec0e0c640f83d91fc50d657870f4b1d07bff0300ad6ba841bc7a211160ca79bf/analysis/,ac63f0f2ccfd7ef77b1369130e2d4316c306b4d8,5169e6cf3d06429b94bafd835b5e2791,ec0e0c640f83d91fc50d657870f4b1d07bff0300ad6ba841bc7a211160ca79bf
SP4I386.EXE,CD,https://www.virustotal.com/en/file/62cac70e6ee1b46d4fd5402a567e8519a4ae16bc32b906c90f74ea471e97e4f5/analysis/,e8d11f404bcb5dc068fd1ed2e347a4f5ac762a11,a18aa31f0d54d99b6520e95b78c6758f,62cac70e6ee1b46d4fd5402a567e8519a4ae16bc32b906c90f74ea471e97e4f5
SQLEXPR.EXE,CD,Hash not found online,67301d1e59e1584351f2725b27ec4c8933a7f57d,1c6737a462b2216520b2edb92a69c214,e1c2e858abf286ac76b072928c9581841618720d182394b8bcbbb7147bec0cf7
sseIdrvdll32e.dll,CD,https://www.virustotal.com/en/file/8ee48f42bcc3006d84ac7230f8a3aa811bbe1c0d5120573638c5ffe41af15fe8/analysis/,ca5ddf4b72258eb3c3d49a4511858ea4a2c18653,0f5817f32ff94351ed4133be59b319b9,8ee48f42bcc3006d84ac7230f8a3aa811bbe1c0d5120573638c5ffe41af15fe8
ssePmxdll32e.dll,CD,https://www.virustotal.com/en/file/b26d39d79b068a7d13fe3526f29bb26165b518fca3b0baf28ad0daa8ed576e85/analysis/,cdf2e2fa4d33f7e9813bd4f900ae321c5605c1d8,d40c814ee7918bf836f4ef7fe065e2f5,b26d39d79b068a7d13fe3526f29bb26165b518fca3b0baf28ad0daa8ed576e85
STAMPE.EXE,CD,https://www.virustotal.com/en/file/03dddfa669c3aeabbdaf320ef725d4f9741096a13fe541946655b2acdab66003/analysis/,75cfa620be2f605ea4299b0fca5f66e0592934d8,aaf431b35c9decfd899ef935936997e1,03dddfa669c3aeabbdaf320ef725d4f9741096a13fe541946655b2acdab66003
STCAUSAL.EXE,CD,https://www.virustotal.com/en/file/e69a5ff4fc4e3a1958d1d25f31ab85bcd477c2bc95365a01c513c22715f2db0d/analysis/,57970567442a5d3e66e10c4852172bfc536d77be,bb1b6f26d6f94d8fc704b4b7892aeeba,e69a5ff4fc4e3a1958d1d25f31ab85bcd477c2bc95365a01c513c22715f2db0d
TAGLI.EXE,CD,https://www.virustotal.com/en/file/40977ce5c1e3a5296f4359d30a9a9518a83259410bdc6a568cab2e0c30311c8c/analysis/,31a89ea1c539f710189ec4bdccfb8baf68adc352,bcc6501b750ec5cbd558a11ad4445bda,40977ce5c1e3a5296f4359d30a9a9518a83259410bdc6a568cab2e0c30311c8c
test_fs.exe,A,https://www.virustotal.com/en/file/cedaf3f2bdbd936ca276b636bb119136d67e0e2fa74614442c95bdbae6c50585/analysis/,c7d3c7b4ff167ccc0957f5659c5591f2ed43e70a,b1c1f4f3e9189ca1763e8b2ca3bbfdfa,cedaf3f2bdbd936ca276b636bb119136d67e0e2fa74614442c95bdbae6c50585
Themida.exe,A,https://www.virustotal.com/en/file/f3fc6d8ed53b5be3be601281848d26134fa85ba4737ab69b13a50a3a8dd523cb/analysis/,0ad4455380b6c2224bf6d0d5112653db2e05ab28,37b5ee810eee08eb46da2d4d1710262f,f3fc6d8ed53b5be3be601281848d26134fa85ba4737ab69b13a50a3a8dd523cb
TK.EXE,CD,https://www.virustotal.com/en/file/ba6038236dfe8db7ccfe782a7ea55ce182c97767ca2fe195e0f67204e14983e1/analysis/,3784602da864abb4bc3cf97cf0816f26b4f46d18,d8905758dc805f34902edb4a625a8dd7,ba6038236dfe8db7ccfe782a7ea55ce182c97767ca2fe195e0f67204e14983e1
tnp.exe,CD,https://www.virustotal.com/en/file/ecb4779c87ea2c0a95ccd1d0231ba063e4b53d86d28b29d0566a8ef0192f485d/analysis/,e63d07c5ea064dee4a714e65f0745f439899be91,96ebe410e37debc175a137c82ceee7d9,ecb4779c87ea2c0a95ccd1d0231ba063e4b53d86d28b29d0566a8ef0192f485d
tor-browser-2.2.35-7.1_en-US.exe,A,https://www.virustotal.com/en/file/3b471511630e5ae364c28de07dae041a5b44a040f49e15735afa509e44801863/analysis/,7c1db3fff72b3c8180fe0eedd092328e29b61588,fa6d890c0780e5bb42550ac52e46e94d,3b471511630e5ae364c28de07dae041a5b44a040f49e15735afa509e44801863
UFED_Physical_Analyzer.exe,D,Cellebrite Foresnics,0ed9a779864333b37ed3ed697b185ab39ee9f544,4e0f4146a22ee299cb3722f24f13af93,477f1f7dfd4ec43da8b3ebfd162812208ea085edf3259ba1e8b0b551825004b6
unins000.exe,CD,https://www.virustotal.com/en/file/c8a7064daa5c1e209a7085a829b4d393b8d80835deae7c1d1b35a0d437c0e0f8/analysis/,ceb83a86664f53a41ab91027713a6043997cd14c,6d733812e0121f1bbb8dbf2e19c478fe,c8a7064daa5c1e209a7085a829b4d393b8d80835deae7c1d1b35a0d437c0e0f8
Updater.exe,CD,https://www.virustotal.com/en/file/a58dd0b17c7989e3dcad1057c4f8473d5c18bc134b29f8aa52b30062c73ae672/analysis/,c6ed9d301a7c52d83896a7437ada2503a9f57d16,bc6545ab89ec3df3c915ef3c55be29a7,a58dd0b17c7989e3dcad1057c4f8473d5c18bc134b29f8aa52b30062c73ae672
uTorrent.exe,A,https://www.virustotal.com/en/file/d94b971cecd864fe6153ebe94a775157f3cdb69e8ad802eb78cfc0136737c0f2/analysis/,1f78800e17ecf9535eb695b5665f1da4258be70b,432f4e8794a2ea8a64e4c75ea80b790e,d94b971cecd864fe6153ebe94a775157f3cdb69e8ad802eb78cfc0136737c0f2
vb_decompiler_lite.exe,D,https://www.virustotal.com/en/file/285d311762bd9beaf15447dcbc33bb5c08f3c89a269de0046b5f5bf16519cac6/analysis/,6f42840a26ccfcc114f316575b82c7b30adfc6bb,d0f69bcd67ff750209aa907644500653,285d311762bd9beaf15447dcbc33bb5c08f3c89a269de0046b5f5bf16519cac6
vector-default.exe.dan,A,,11662f991e15213c282357723bcc49059f6c55f2,158105fd8f227ab0a2e3440724520275,d64a0092cf3b55f68c671d462be80241d3a45b75667bb29f624f52aea7f1246f
veeam_backup_7.0.0.839.patch3_setup.exe,D,Seen about a year a go. Not in VT.,ecbd1d800479afe1c034c677ead22d2330cd8990,2b3990318513f2df3851dcf3605aa2f5,917a3d71a1cddeb983e3ce1823f60eca1942981265ebfbbe4cf243f1545bb575
VMProtect_Con.exe,A,https://www.virustotal.com/en/file/2b5560f11b24de4fac1b0998cfe80138c2a4f87bb15f6eba6f7f58a5cf1f8622/analysis/,50651dbc0af0ff5f1623c468fd4ed4eeb3f2460d,5cd44e29316435cda62790801ec4f473,2b5560f11b24de4fac1b0998cfe80138c2a4f87bb15f6eba6f7f58a5cf1f8622
VMProtectDumper.exe,CD,https://www.virustotal.com/en/file/1a67b08eb7be0ec141d407b6273bf9358874f8431eb79394f7222387d2e3b198/analysis/,57d7c162702b871614c43f1673a91a4f4e182512,39aad650128cc31ff28290f3ad290f6d,1a67b08eb7be0ec141d407b6273bf9358874f8431eb79394f7222387d2e3b198
VMProtect.exe,A,https://www.virustotal.com/en/file/60562a923d1fb595d6e144a0957bc5f9fda0d3f105c316ab5e7d7cd27ff0c27f/analysis/,5fe9dad18883d1dc64dacb7aa8dd7988ca7b52bb,3b726e15b2e161a5acadb1a1bce87cb9,60562a923d1fb595d6e144a0957bc5f9fda0d3f105c316ab5e7d7cd27ff0c27f
vmprotect.exe,CD,https://www.virustotal.com/en/file/2e099df103d467e3d9a44af15c047e3deb2540ce4d54e01294c511e17e6479e4/analysis/,426d008139ede8b04ef465f0bc669b0ab709be07,e176c61ea82b43bbeb543b6c68d7a358,2e099df103d467e3d9a44af15c047e3deb2540ce4d54e01294c511e17e6479e4
VMProtect_Ext.dll,CD,https://www.virustotal.com/en/file/e4c4086b2cd79453fd7a25db4c079f4ff1d183947499fdd4961f5df8d60a1c6d/analysis/,56d62fae86162da2fd798dbc8eeecb088c7c20eb,7c43361c94bddf46c991eb83d9955596,e4c4086b2cd79453fd7a25db4c079f4ff1d183947499fdd4961f5df8d60a1c6d
VMware-converter-en-5.1.0-1087880.exe,D,Cracked/Pirated,f3a57d486f540d5994c00c60d4d1150de6106d81,f4d90eaec30bacf6fc709a5623c7bb4c,32abff1cee3791ea98f7205eb504465c60bd7e57c2b6048929eed56822e67efc
VMWare-workstation-7-keygen.exe,A,https://www.virustotal.com/en/file/0a5c0224092468a4669f04721e291e3e89653d1ecf436c5c4dd7f1f8df4d0ff7/analysis/,1b8f53c2ee42fff1f333223e82d3e538792b9778,309ad3a96832730545d1ff1f4fdd8de2,0a5c0224092468a4669f04721e291e3e89653d1ecf436c5c4dd7f1f8df4d0ff7
VR2.dll,CD,https://www.virustotal.com/en/file/5af63dcc0c0330a2de8e4a3f3756e7951d2ce02655f94eee77682653eb6ae949/analysis/,e904dca98c2fec54b8c07befefa4b65c65058f75,2fe29513b40eb73e122285513d91ff04,5af63dcc0c0330a2de8e4a3f3756e7951d2ce02655f94eee77682653eb6ae949
VR.exe,CD,https://www.virustotal.com/en/file/58378701354e6eaa658d5f0977032522a80ce171e15b841b18dec8a56cb566ea/analysis/,d06144b87c2eae9d7dfafb0c29d70a88f28c0ee7,807c09828455846508b3232388d4eecf,58378701354e6eaa658d5f0977032522a80ce171e15b841b18dec8a56cb566ea
wapsender.exe,A,https://www.virustotal.com/en/file/f1ab31f87585c824381ecd5411441bb1c755d81dd0f42bc08fbb061b9066fba0/analysis/,6a951c1da9080886fb931d01711b225c1368e6e6,29d51c29dd3f0811d403c329053a2f35,f1ab31f87585c824381ecd5411441bb1c755d81dd0f42bc08fbb061b9066fba0
WapSender.exe,CD,https://www.virustotal.com/en/file/ed4f21dd3c01e7636cbc30cf549d347cb385099c18bf282880b7df7a18140f6e/analysis/,46a5a764bb79b7db937f1f1749438e41bc69872e,91b034905c4a8cb10b9adedfc7349fdf,ed4f21dd3c01e7636cbc30cf549d347cb385099c18bf282880b7df7a18140f6e
WDSOleDB.exe,CD,https://www.virustotal.com/en/file/199291791ccd7ca5bed11be7b50ca72750d9d78e30694730f159729a4835f5c2/analysis/,2e8c0e4d6bda2f784c1dbfaed88319e79ce336fc,b1417cbfb402e47599e9c4830cd27081,199291791ccd7ca5bed11be7b50ca72750d9d78e30694730f159729a4835f5c2
win32_remote64.exe,A,https://www.virustotal.com/en/file/f08e6bc6c3a6771f697d4f724bb238f837f61d988c29a2d77dd73cd36a4a38b7/analysis/,333a5d4082808206eeedd309e02d88e720587e4f,1fc10a99ce2652ba0ec7bed0f8f05c2c,f08e6bc6c3a6771f697d4f724bb238f837f61d988c29a2d77dd73cd36a4a38b7
win32_remote.exe,A,https://www.virustotal.com/en/file/3f85279eee498578935e7f51881f8411be5ac7ba45f2334699230cd0b9d60032/analysis/,e19a240f49e953a8ec9a7efc3b0e47cc8ecb07c2,aee7029335a4df8ac44d3587e41c21dc,3f85279eee498578935e7f51881f8411be5ac7ba45f2334699230cd0b9d60032
win64_remotex64.exe,CD,https://www.virustotal.com/en/file/ba4d1658047690d3fc9dd96fb5d56c146dcaa14c1e72f2fd5bbab1920ed0741b/analysis/,e1b8542ee7315ca5ad34dc60cc0c2f0f59b73aa3,227f885ffa41252a18bdb1b43323a9d6,ba4d1658047690d3fc9dd96fb5d56c146dcaa14c1e72f2fd5bbab1920ed0741b
winappdbg-1.4.win32.exe,A,,b01b815d200a6cc90a0a15f9cde89fa93b7f9dc6,f2e0816f239a4066dcf4f035d3c91021,f4c27c563e9fd56990f1082cc185c8a6f0b04fee97b57042db10300e1eb37f97
WinEvent.exe,CD,https://www.virustotal.com/en/file/635cdff6a80983828b251fef7147f2b92a6446cd55ed7127c8140cdc8100d60b/analysis/,5cf34cc014610ee9904e5839512144345f854a07,5ba76e2041fec128933cc09418df59f3,635cdff6a80983828b251fef7147f2b92a6446cd55ed7127c8140cdc8100d60b
WinHex.exe,CD,https://www.virustotal.com/en/file/4795d51d9cf26d9a3decb90695e4d903fd482548b356547c023e2899cd120d56/analysis/,33c23e9ac2c9ccb3d6c3591345c45e506c093c57,a431bf8ab5cfd54fcbfc82ae12bcf3b2,4795d51d9cf26d9a3decb90695e4d903fd482548b356547c023e2899cd120d56
WINWORD.EXE,A,https://www.virustotal.com/en/file/200c0623f75433c1e2821d930e6f3e072c5e06f2bd1770551595acc3b170febf/analysis/,f039f975acec4b8b60b7619cc75e0b87d809315c,60b9933665169020a3565781e4058e08,200c0623f75433c1e2821d930e6f3e072c5e06f2bd1770551595acc3b170febf
WiseRegCleaner.exe,CD,https://www.virustotal.com/en/file/99e4d4e0117a5b391b2c2030b62915d066900690b14145bf444fbe5f98f90df1/analysis/,64c403fde6e9d3c902775a0f41b9182e599a7afc,4c1175dce7f7e505cb679813c1a5d681,99e4d4e0117a5b391b2c2030b62915d066900690b14145bf444fbe5f98f90df1
wps.exe,CD,https://www.virustotal.com/en/file/23972fe89540cf6636288612ecb6090b9f0c23e12bf02d5cb69def679105157c/analysis/,eee02518ea2c34dd4a39f5a8d971d473020d7119,ceacc145be4a0c871eb69d323a3890c3,23972fe89540cf6636288612ecb6090b9f0c23e12bf02d5cb69def679105157c
Y2KUPD.EXE,CD,https://www.virustotal.com/en/file/0e3857bdba2e678a98da13317fd128341247964349c2483971e650b8d19ef914/analysis/,5ca3d40a3b4b9309f04f6eb0829dee38ac55dbb5,f6d8cd5c258af28d37437710d8d1c92b,0e3857bdba2e678a98da13317fd128341247964349c2483971e650b8d19ef914
